Film Adı,Poster URL
The Lovely Bones (2009),https://a.ltrbxd.com/resized/film-poster/4/7/9/4/2/47942-the-lovely-bones-0-250-0-375-crop.jpg?v=a46888c0
Romper Stomper (1992),https://a.ltrbxd.com/resized/film-poster/4/6/2/5/5/46255-romper-stomper-0-250-0-375-crop.jpg?v=d83fd2f3
9 (2002),https://a.ltrbxd.com/resized/film-poster/4/9/2/7/4927-9-2002-0-250-0-375-crop.jpg?v=e5470444
The Fox (2026),https://a.ltrbxd.com/resized/film-poster/9/4/3/4/2/2/943422-the-fox-2025-0-250-0-375-crop.jpg?v=fa394784
Affection (2025),https://a.ltrbxd.com/resized/film-poster/1/2/3/3/5/4/0/1233540-affection-2025-0-250-0-375-crop.jpg?v=8ec953b8
Saccharine (2026),https://a.ltrbxd.com/resized/film-poster/1/2/5/0/6/3/5/1250635-saccharine-2026-0-250-0-375-crop.jpg?v=5477bc1a
Fruitvale Station (2013),https://a.ltrbxd.com/resized/film-poster/1/1/7/5/7/4/117574-fruitvale-station-0-250-0-375-crop.jpg?v=5a734bc6
The Orphanage (2007),https://a.ltrbxd.com/resized/film-poster/5/1/9/9/1/51991-the-orphanage-0-250-0-375-crop.jpg?v=cbca2bb1
Thirteen (2003),https://a.ltrbxd.com/resized/film-poster/4/5/6/8/0/45680-thirteen-0-250-0-375-crop.jpg?v=9fa85c0f
Hardcore (1979),https://a.ltrbxd.com/resized/film-poster/2/2/8/9/4/22894-hardcore-0-250-0-375-crop.jpg?v=922cba46
Pegasus (2019),https://a.ltrbxd.com/resized/film-poster/5/0/3/3/8/8/503388-pegasus-2019-0-250-0-375-crop.jpg?v=ce491543
Cruel & Unusual (2014),https://a.ltrbxd.com/resized/film-poster/1/8/1/8/4/3/181843-cruel-unusual-0-250-0-375-crop.jpg?v=472b0e27
Bad Biology (2008),https://a.ltrbxd.com/resized/film-poster/4/1/9/2/5/41925-bad-biology-0-250-0-375-crop.jpg?v=62bbbe23
The Baby of Mâcon (1993),https://a.ltrbxd.com/resized/film-poster/4/8/9/8/3/48983-the-baby-of-macon-0-250-0-375-crop.jpg?v=0d1b5431
The Untold Story (1993),https://a.ltrbxd.com/resized/film-poster/2/5/0/1/2/25012-the-untold-story-0-250-0-375-crop.jpg?v=178da031
The Cloverfield Paradox (2018),https://a.ltrbxd.com/resized/film-poster/3/1/9/4/0/9/319409-the-cloverfield-paradox-0-250-0-375-crop.jpg?v=b8b50ac9
Wrath of the Titans (2012),https://a.ltrbxd.com/resized/film-poster/8/9/7/7/8977-wrath-of-the-titans-0-250-0-375-crop.jpg?v=8e994b52
Burning (2018),https://a.ltrbxd.com/resized/film-poster/4/2/2/0/3/5/422035-burning-2018-0-250-0-375-crop.jpg?v=b3f97a11
Cemetery Man (1994),https://a.ltrbxd.com/resized/film-poster/3/8/3/0/9/38309-cemetery-man-0-250-0-375-crop.jpg?v=2a296617
Brawl in Cell Block 99 (2017),https://a.ltrbxd.com/resized/film-poster/3/3/2/4/3/4/332434-brawl-in-cell-block-99-0-250-0-375-crop.jpg?v=f0578f80
Blood Tea and Red String (2006),https://a.ltrbxd.com/resized/film-poster/2/5/1/7/9/25179-blood-tea-and-red-string-0-250-0-375-crop.jpg?v=8cf9e3a6
The Innocents (2021),https://a.ltrbxd.com/resized/film-poster/5/8/5/9/5/7/585957-the-innocents-2021-0-250-0-375-crop.jpg?v=a4c52ccd
Benny's Video (1992),https://a.ltrbxd.com/resized/film-poster/5/0/6/2/5/50625-bennys-video-0-250-0-375-crop.jpg?v=e88e4dd2
The 9th Circle (2008),https://a.ltrbxd.com/resized/film-poster/1/0/5/4/8/9/105489-the-9th-circle-0-250-0-375-crop.jpg?v=e3726704
Strange Days (1995),https://a.ltrbxd.com/resized/film-poster/5/1/7/7/5/51775-strange-days-0-250-0-375-crop.jpg?v=72ccfcf6
Opera (1987),https://a.ltrbxd.com/resized/film-poster/3/9/2/2/6/39226-opera-0-250-0-375-crop.jpg?v=c2d0d07b
The SpongeBob Movie: Search for SquarePants (2025),https://a.ltrbxd.com/resized/film-poster/8/9/2/8/8/4/892884-the-spongebob-movie-search-for-squarepants-0-250-0-375-crop.jpg?v=843ea617
Nobody's Home (2013),https://a.ltrbxd.com/resized/film-poster/1/8/2/1/3/3/182133-nobodys-home-0-250-0-375-crop.jpg?v=a51f5a95
He Got Game (1998),https://a.ltrbxd.com/resized/film-poster/4/7/1/2/9/47129-he-got-game-0-250-0-375-crop.jpg?v=4ab4e208
Fatal Attraction (1987),https://a.ltrbxd.com/resized/film-poster/4/5/7/0/4/45704-fatal-attraction-0-250-0-375-crop.jpg?v=481ef9a3
No One Lives (2012),https://a.ltrbxd.com/resized/film-poster/9/6/7/7/0/96770-no-one-lives-0-250-0-375-crop.jpg?v=d3f0e8e9
I Saw the Sun (2009),https://a.ltrbxd.com/resized/film-poster/3/4/0/4/8/34048-i-saw-the-sun-0-250-0-375-crop.jpg?v=2308de6a
Dog Pound (2010),https://a.ltrbxd.com/resized/film-poster/2/1/2/3/9/21239-dog-pound-0-250-0-375-crop.jpg?v=0122a815
The Glory (2022),https://a.ltrbxd.com/resized/film-poster/9/8/9/8/2/7/989827-the-glory-0-250-0-375-crop.jpg?v=dca1cb63
Next Floor (2008),https://a.ltrbxd.com/resized/film-poster/8/1/2/8/8/81288-next-floor-0-250-0-375-crop.jpg?v=15655808
The Square (2013),https://a.ltrbxd.com/resized/film-poster/1/1/8/5/5/8/118558-the-square-2013-0-250-0-375-crop.jpg?v=5a029dfa
Strange Harvest (2024),https://a.ltrbxd.com/resized/film-poster/1/2/1/0/0/8/7/1210087-strange-harvest-2024-0-250-0-375-crop.jpg?v=acd63826
Malum (2023),https://a.ltrbxd.com/resized/film-poster/9/8/6/6/2/8/986628-malum-2023-0-250-0-375-crop.jpg?v=b41f142f
Miracle Mile (1988),https://a.ltrbxd.com/resized/film-poster/3/6/5/5/6/36556-miracle-mile-0-250-0-375-crop.jpg?v=918380c5
Werewolf by Night (2022),https://a.ltrbxd.com/resized/film-poster/8/0/5/1/0/6/805106-werewolf-by-night-0-250-0-375-crop.jpg?v=da684144
Open Windows (2014),https://a.ltrbxd.com/resized/film-poster/1/1/3/7/9/7/113797-open-windows-0-250-0-375-crop.jpg?v=28620ad8
Inequality for All (2013),https://a.ltrbxd.com/resized/film-poster/1/1/8/5/4/0/118540-inequality-for-all-0-250-0-375-crop.jpg?v=f85bfa31
Sweet Movie (1974),https://a.ltrbxd.com/resized/film-poster/5/0/9/7/5/50975-sweet-movie-0-250-0-375-crop.jpg?v=ada5ae3e
Dream Home (2010),https://a.ltrbxd.com/resized/film-poster/1/5/9/1/5/15915-dream-home-0-250-0-375-crop.jpg?v=5f63727e
May the Devil Take You (2018),https://a.ltrbxd.com/resized/film-poster/4/5/4/2/4/4/454244-may-the-devil-take-you-0-250-0-375-crop.jpg?v=1e4bc770
Satan's Slaves (2017),https://a.ltrbxd.com/resized/film-poster/3/9/8/6/3/3/398633-satans-slaves-0-250-0-375-crop.jpg?v=31e5f8eb
Mother Mary (2026),https://a.ltrbxd.com/resized/film-poster/9/9/4/3/5/3/994353-mother-mary-2026-0-250-0-375-crop.jpg?v=14e86fea
Valerian and the City of a Thousand Planets (2017),https://a.ltrbxd.com/resized/film-poster/2/6/9/4/5/8/269458-valerian-and-the-city-of-a-thousand-planets-0-250-0-375-crop.jpg?v=7bc10730
Malignant (2021),https://a.ltrbxd.com/resized/film-poster/5/4/6/3/4/8/546348-malignant-2021-0-250-0-375-crop.jpg?v=553e8d2d
Ma Rainey's Black Bottom (2020),https://a.ltrbxd.com/resized/film-poster/5/4/2/4/6/5/542465-ma-raineys-black-bottom-0-250-0-375-crop.jpg?v=f9d009b2
Stir of Echoes (1999),https://a.ltrbxd.com/resized/film-poster/4/5/1/4/9/45149-stir-of-echoes-0-250-0-375-crop.jpg?v=d89e3e50
"4 Months, 3 Weeks and 2 Days (2007)",https://a.ltrbxd.com/resized/film-poster/5/0/6/0/4/50604-4-months-3-weeks-and-2-days-0-250-0-375-crop.jpg?v=c4fe1a7a
"Good Luck, Have Fun, Don't Die (2025)",https://a.ltrbxd.com/resized/film-poster/1/0/0/9/2/3/7/1009237-good-luck-have-fun-dont-die-0-250-0-375-crop.jpg?v=128302a9
The Killing Cell (2026),https://a.ltrbxd.com/resized/film-poster/1/4/3/3/3/6/2/1433362-the-killing-cell-0-250-0-375-crop.jpg?v=f00ba9c1
Under the Silver Lake (2018),https://a.ltrbxd.com/resized/film-poster/3/3/0/8/1/0/330810-under-the-silver-lake-0-250-0-375-crop.jpg?v=eb786059
Straw Dogs (1971),https://a.ltrbxd.com/resized/film-poster/5/1/1/7/5/51175-straw-dogs-0-250-0-375-crop.jpg?v=16af65c1
A Time to Kill (1996),https://a.ltrbxd.com/resized/film-poster/5/0/8/9/7/50897-a-time-to-kill-1996-0-250-0-375-crop.jpg?v=a65a2d63
The Color of Money (1986),https://a.ltrbxd.com/resized/film-poster/4/4/9/3/0/44930-the-color-of-money-0-250-0-375-crop.jpg?v=8861899e
Black Rabbit (2025),https://a.ltrbxd.com/resized/film-poster/1/4/2/2/4/1/2/1422412-black-rabbit-2025-0-250-0-375-crop.jpg?v=5580d2d7
Harper's Island (2009),https://a.ltrbxd.com/resized/film-poster/7/4/9/2/8/6/749286-harpers-island-0-250-0-375-crop.jpg?v=b7baa550
The World of Kanako (2014),https://a.ltrbxd.com/resized/film-poster/1/7/5/9/0/9/175909-the-world-of-kanako-0-250-0-375-crop.jpg?v=b8954307
Band of Brothers (2001),https://a.ltrbxd.com/resized/film-poster/2/5/9/0/1/1/259011-band-of-brothers-0-250-0-375-crop.jpg?v=58d8b1a8
The City of Lost Children (1995),https://a.ltrbxd.com/resized/film-poster/5/1/2/5/0/51250-the-city-of-lost-children-0-250-0-375-crop.jpg?v=1f01121b
Ink (2009),https://a.ltrbxd.com/resized/film-poster/3/6/4/6/3/36463-ink-0-250-0-375-crop.jpg?v=c83d4ed1
Iron Lung (2026),https://a.ltrbxd.com/resized/film-poster/1/0/0/6/1/5/9/1006159-iron-lung-0-250-0-375-crop.jpg?v=d31ed0ee
Solomon Kane (2009),https://a.ltrbxd.com/resized/film-poster/3/0/1/0/4/30104-solomon-kane-0-250-0-375-crop.jpg?v=ca513d24
The Ballad of Narayama (1983),https://a.ltrbxd.com/resized/film-poster/2/2/9/5/3/22953-the-ballad-of-narayama-0-250-0-375-crop.jpg?v=e8c209d2
Sting (2024),https://a.ltrbxd.com/resized/film-poster/9/8/0/3/2/4/980324-sting-2024-0-250-0-375-crop.jpg?v=6a478e2d
Nightbreed (1990),https://a.ltrbxd.com/resized/film-poster/3/8/9/8/6/38986-nightbreed-0-250-0-375-crop.jpg?v=47a1e622
Suspiria (1977),https://a.ltrbxd.com/resized/film-poster/4/4/9/0/0/44900-suspiria-0-250-0-375-crop.jpg?v=e7e867b2
Magazine Dreams (2023),https://a.ltrbxd.com/resized/film-poster/7/0/3/0/7/7/703077-magazine-dreams-0-250-0-375-crop.jpg?v=9296f4cd
The Treatment (2014),https://a.ltrbxd.com/resized/film-poster/1/7/5/6/2/1/175621-the-treatment-2014-0-250-0-375-crop.jpg?v=9d301519
Brick (2005),https://a.ltrbxd.com/resized/film-poster/4/7/3/2/2/47322-brick-0-250-0-375-crop.jpg?v=a365e084
Gosford Park (2001),https://a.ltrbxd.com/resized/film-poster/4/8/8/7/6/48876-gosford-park-0-250-0-375-crop.jpg?v=425812d0
Resurrection (2025),https://a.ltrbxd.com/resized/film-poster/7/9/0/1/8/8/790188-resurrection-2025-0-250-0-375-crop.jpg?v=4c4dc89a
Exhuma (2024),https://a.ltrbxd.com/resized/film-poster/7/5/3/6/1/0/753610-exhuma-0-250-0-375-crop.jpg?v=ea73b233
September 5 (2024),https://a.ltrbxd.com/resized/film-poster/1/0/9/5/7/1/8/1095718-september-5-0-250-0-375-crop.jpg?v=aca2e4f5
HIS & HERS (2026),https://a.ltrbxd.com/resized/film-poster/1/4/7/8/9/0/3/1478903-his-hers-2026-0-250-0-375-crop.jpg?v=3ba06009
The Aviator (2004),https://a.ltrbxd.com/resized/film-poster/5/0/2/0/7/50207-the-aviator-0-250-0-375-crop.jpg?v=254a574a
Alas Roban (2026),https://a.ltrbxd.com/resized/film-poster/1/3/7/4/0/2/5/1374025-alas-roban-0-250-0-375-crop.jpg?v=66d49774
Save the Green Planet! (2003),https://a.ltrbxd.com/resized/film-poster/4/5/4/3/6/45436-save-the-green-planet-0-250-0-375-crop.jpg?v=20c9bbb0
Jacob's Ladder (1990),https://a.ltrbxd.com/resized/film-poster/5/0/3/5/8/50358-jacobs-ladder-0-250-0-375-crop.jpg?v=a62b1c1b
Predestination (2014),https://a.ltrbxd.com/resized/film-poster/1/4/7/5/0/9/147509-predestination-0-250-0-375-crop.jpg?v=a8d16a5a
The Beast (2023),https://a.ltrbxd.com/resized/film-poster/8/2/0/4/4/8/820448-the-beast-2023-1-0-250-0-375-crop.jpg?v=67ed2dbf
Holy Spider (2022),https://a.ltrbxd.com/resized/film-poster/8/0/0/8/4/8/800848-holy-spider-0-250-0-375-crop.jpg?v=aea7252c
Hounds of Love (2016),https://a.ltrbxd.com/resized/film-poster/3/4/2/6/5/1/342651-hounds-of-love-0-250-0-375-crop.jpg?v=6e06d283
The Tribe (2014),https://a.ltrbxd.com/resized/film-poster/1/9/4/6/6/9/194669-the-tribe-2014-0-250-0-375-crop.jpg?v=aefd23f5
No Other Choice (2025),https://a.ltrbxd.com/resized/film-poster/5/6/5/9/5/2/565952-no-other-choice-2025-0-250-0-375-crop.jpg?v=8edc836e
A Tale of Two Sisters (2003),https://a.ltrbxd.com/resized/film-poster/4/9/2/5/5/49255-a-tale-of-two-sisters-0-250-0-375-crop.jpg?v=13c87144
Nuremberg (2025),https://a.ltrbxd.com/resized/film-poster/1/0/9/8/7/8/2/1098782-nuremberg-2025-0-250-0-375-crop.jpg?v=0d41d1ff
The Night Porter (1974),https://a.ltrbxd.com/resized/film-poster/3/5/1/5/6/35156-the-night-porter-0-250-0-375-crop.jpg?v=f748cd50
When We Were Kings (1996),https://a.ltrbxd.com/resized/film-poster/4/6/1/2/4/46124-when-we-were-kings-0-250-0-375-crop.jpg?v=0d4015ec
Jules (2023),https://a.ltrbxd.com/resized/film-poster/9/6/6/8/5/8/966858-jules-2023-0-250-0-375-crop.jpg?v=abf7a917
Confessions (2010),https://a.ltrbxd.com/resized/film-poster/1/1/8/6/6/11866-confessions-0-250-0-375-crop.jpg?v=26a7952e
Cannibal Mukbang (2023),https://a.ltrbxd.com/resized/film-poster/1/0/6/3/9/6/3/1063963-cannibal-mukbang-0-250-0-375-crop.jpg?v=9e0245c9
Caligula (1979),https://a.ltrbxd.com/resized/film-poster/4/7/1/4/4/47144-caligula-0-250-0-375-crop.jpg?v=e0b95c89
Mold (2012),https://a.ltrbxd.com/resized/film-poster/1/0/2/9/1/9/102919-mold-0-250-0-375-crop.jpg?v=4bc4fee0
Motherland (2015),https://a.ltrbxd.com/resized/film-poster/2/9/4/6/4/8/294648-motherland-2015-1-0-250-0-375-crop.jpg?v=2c7f8f13
Dinner for Few (2015),https://a.ltrbxd.com/resized/film-poster/2/7/9/2/4/9/279249-dinner-for-few-0-250-0-375-crop.jpg?v=65cd2373
Across 110th Street (1972),https://a.ltrbxd.com/resized/film-poster/3/7/1/7/4/37174-across-110th-street-0-250-0-375-crop.jpg?v=23ccd3b7
The Love Witch (2016),https://a.ltrbxd.com/resized/film-poster/3/0/9/5/5/5/309555-the-love-witch-0-250-0-375-crop.jpg?v=9909166a
Case 39 (2009),https://a.ltrbxd.com/resized/film-poster/3/3/7/4/3/33743-case-39-0-250-0-375-crop.jpg?v=4ea00361
Kill List (2011),https://a.ltrbxd.com/resized/film-poster/6/1/1/4/6/61146-kill-list-0-250-0-375-crop.jpg?v=972facb3
The Pillow Book (1995),https://a.ltrbxd.com/resized/film-poster/3/5/3/4/0/35340-the-pillow-book-0-250-0-375-crop.jpg?v=038c6173
The Player (1992),https://a.ltrbxd.com/resized/film-poster/4/6/2/6/3/46263-the-player-0-250-0-375-crop.jpg?v=7b429b24
Teeth (2015),https://a.ltrbxd.com/resized/film-poster/2/5/6/5/4/3/256543-teeth-2015-0-250-0-375-crop.jpg?v=61fa1005
A Monster in Paris (2011),https://a.ltrbxd.com/resized/film-poster/6/3/9/1/7/63917-a-monster-in-paris-0-250-0-375-crop.jpg?v=4b39c7c5
Kes (1969),https://a.ltrbxd.com/resized/film-poster/4/3/9/3/4/43934-kes-0-250-0-375-crop.jpg?v=a0249279
The Untamed (2016),https://a.ltrbxd.com/resized/film-poster/3/2/2/3/5/5/322355-the-untamed-0-250-0-375-crop.jpg?v=194d80c3
Knife+Heart (2018),https://a.ltrbxd.com/resized/film-poster/4/0/7/2/0/6/407206-knife-heart-0-250-0-375-crop.jpg?v=f620dd2a
The Bay (2012),https://a.ltrbxd.com/resized/film-poster/9/6/7/6/8/96768-the-bay-0-250-0-375-crop.jpg?v=5196ad59
Rupture (2016),https://a.ltrbxd.com/resized/film-poster/2/7/6/2/8/0/276280-rupture-2016-0-250-0-375-crop.jpg?v=1ab76edb
Black Hawk Down (2001),https://a.ltrbxd.com/resized/film-poster/5/1/2/9/7/51297-black-hawk-down-0-250-0-375-crop.jpg?v=601be2a8
The Neon Demon (2016),https://a.ltrbxd.com/resized/film-poster/2/2/8/4/8/2/228482-the-neon-demon-0-250-0-375-crop.jpg?v=98b5957a
Cloud Atlas (2012),https://a.ltrbxd.com/resized/film-poster/6/9/9/9/8/69998-cloud-atlas-0-250-0-375-crop.jpg?v=26a8733a
Mars Needs Moms (2011),https://a.ltrbxd.com/resized/film-poster/1/5/3/4/8/15348-mars-needs-moms-0-250-0-375-crop.jpg?v=c77067d5
Anything for Jackson (2020),https://a.ltrbxd.com/resized/film-poster/6/5/6/4/9/6/656496-anything-for-jackson-0-250-0-375-crop.jpg?v=8ff85423
The Wizard of Oz (1939),https://a.ltrbxd.com/resized/film-poster/5/1/4/9/4/51494-the-wizard-of-oz-1939-0-250-0-375-crop.jpg?v=e8bad426
Dobermann (1997),https://a.ltrbxd.com/resized/film-poster/4/6/3/1/6/46316-dobermann-0-250-0-375-crop.jpg?v=e2ef9c4c
Noroi: The Curse (2005),https://a.ltrbxd.com/resized/film-poster/3/8/3/6/0/38360-noroi-the-curse-0-250-0-375-crop.jpg?v=2f624666
Takva: A Man's Fear of God (2006),https://a.ltrbxd.com/resized/film-poster/4/9/0/9/7/49097-takva-a-mans-fear-of-god-0-250-0-375-crop.jpg?v=a84272f1
Uncle Sam (1996),https://a.ltrbxd.com/resized/film-poster/4/6/9/2/4/46924-uncle-sam-0-250-0-375-crop.jpg?v=b3ad2cd3
Misery (1990),https://a.ltrbxd.com/resized/film-poster/5/0/8/4/6/50846-misery-0-250-0-375-crop.jpg?v=2f7cc2cd
Delicatessen (1991),https://a.ltrbxd.com/resized/film-poster/5/1/2/6/0/51260-delicatessen-0-250-0-375-crop.jpg?v=2cf45031
The Hand That Rocks the Cradle (1992),https://a.ltrbxd.com/resized/film-poster/4/5/6/1/8/45618-the-hand-that-rocks-the-cradle-0-250-0-375-crop.jpg?v=c3554da3
Candyman (1992),https://a.ltrbxd.com/resized/film-poster/4/7/0/7/1/47071-candyman-0-250-0-375-crop.jpg?v=4d7bdd49
The River Wild (1994),https://a.ltrbxd.com/resized/film-poster/4/7/4/4/9/47449-the-river-wild-0-250-0-375-crop.jpg?v=25a6abae
Schramm (1993),https://a.ltrbxd.com/resized/film-poster/2/4/9/8/8/24988-schramm-0-250-0-375-crop.jpg?v=7a5f6ebc
Kiss the Girls (1997),https://a.ltrbxd.com/resized/film-poster/4/7/1/6/0/47160-kiss-the-girls-0-250-0-375-crop.jpg?v=36f7b1ef
Judgment at Nuremberg (1961),https://a.ltrbxd.com/resized/film-poster/5/1/3/3/1/51331-judgment-at-nuremberg-0-250-0-375-crop.jpg?v=401e7175
The Good Lie (2014),https://a.ltrbxd.com/resized/film-poster/1/7/4/9/4/6/174946-the-good-lie-2014-0-250-0-375-crop.jpg?v=2516c3fd
Made in Britain (1983),https://a.ltrbxd.com/resized/film-poster/3/0/8/3/9/30839-made-in-britain-0-250-0-375-crop.jpg?v=358a0d5f
A Prophet (2009),https://a.ltrbxd.com/resized/film-poster/3/8/3/2/0/38320-a-prophet-0-250-0-375-crop.jpg?v=089dbb8b
The Fifth Seal (1976),https://a.ltrbxd.com/resized/film-poster/6/4/1/2/0/64120-the-fifth-seal-0-250-0-375-crop.jpg?v=345a7d24
Terrified (2017),https://a.ltrbxd.com/resized/film-poster/4/1/9/9/7/9/419979-terrified-2017-0-250-0-375-crop.jpg?v=70afc609
ME!ME!ME! (2014),https://a.ltrbxd.com/resized/film-poster/7/0/5/9/7/7/705977-mememe-0-250-0-375-crop.jpg?v=dda99f6d
RocknRolla (2008),https://a.ltrbxd.com/resized/film-poster/4/3/5/7/8/43578-rocknrolla-0-250-0-375-crop.jpg?v=05de75c4
Come and See (1985),https://a.ltrbxd.com/resized/film-poster/3/6/1/9/2/36192-come-and-see-0-250-0-375-crop.jpg?v=0fd90d45
WeCrashed (2022),https://a.ltrbxd.com/resized/film-poster/8/4/6/8/7/4/846874-wecrashed-0-250-0-375-crop.jpg?v=953a0c79
Monster (2023),https://a.ltrbxd.com/resized/film-poster/9/4/7/0/3/0/947030-monster-2023-0-250-0-375-crop.jpg?v=fe6fdd11
These Final Hours (2013),https://a.ltrbxd.com/resized/film-poster/1/4/3/1/9/3/143193-these-final-hours-0-250-0-375-crop.jpg?v=f3ce5b11
The Empty Man (2020),https://a.ltrbxd.com/resized/film-poster/4/4/6/2/6/9/446269-the-empty-man-0-250-0-375-crop.jpg?v=f69701be
The Blair Witch Project (1999),https://a.ltrbxd.com/resized/film-poster/5/0/1/5/9/50159-the-blair-witch-project-0-250-0-375-crop.jpg?v=c2ea4571
İçimdeki İnsan (2015),https://a.ltrbxd.com/resized/film-poster/3/8/5/6/5/6/385656-icimdeki-insan-0-250-0-375-crop.jpg?v=6db538fe
Hardcore Henry (2015),https://a.ltrbxd.com/resized/film-poster/2/5/2/4/4/4/252444-hardcore-henry-0-250-0-375-crop.jpg?v=68b94a94
Brand New Cherry Flavor (2021),https://a.ltrbxd.com/resized/film-poster/7/7/1/0/6/2/771062-brand-new-cherry-flavor-0-250-0-375-crop.jpg?v=5c16c785
The Slumber Party Massacre (1982),https://a.ltrbxd.com/resized/film-poster/3/4/4/8/7/34487-the-slumber-party-massacre-0-250-0-375-crop.jpg?v=9749ee0d
The Fall of the House of Usher (2023),https://a.ltrbxd.com/resized/film-poster/1/0/7/1/3/1/2/1071312-the-fall-of-the-house-of-usher-2023-0-250-0-375-crop.jpg?v=ad867045
We're All Going to the World's Fair (2021),https://a.ltrbxd.com/resized/film-poster/6/9/5/5/2/2/695522-were-all-going-to-the-worlds-fair-0-250-0-375-crop.jpg?v=24fd5990
Double Indemnity (1944),https://a.ltrbxd.com/resized/film-poster/5/1/1/7/3/51173-double-indemnity-0-250-0-375-crop.jpg?v=50dc1b7b
99 Francs (2007),https://a.ltrbxd.com/resized/film-poster/4/7/5/9/1/47591-99-francs-0-250-0-375-crop.jpg?v=a281cb93
Midori (1992),https://a.ltrbxd.com/resized/film-poster/5/5/1/6/4/55164-midori-1992-0-250-0-375-crop.jpg?v=7c5c7665
Chronicle (2012),https://a.ltrbxd.com/resized/film-poster/6/3/1/8/0/63180-chronicle-0-250-0-375-crop.jpg?v=18ed9f55
Possum (2018),https://a.ltrbxd.com/resized/film-poster/4/0/3/6/5/4/403654-possum-0-250-0-375-crop.jpg?v=fefb5290
May the Devil Take You Too (2020),https://a.ltrbxd.com/resized/film-poster/5/5/9/0/1/5/559015-may-the-devil-take-you-too-0-250-0-375-crop.jpg?v=45b531f8
All Things Fair (1995),https://a.ltrbxd.com/resized/film-poster/3/4/8/0/6/34806-all-things-fair-0-250-0-375-crop.jpg?v=ebf6cbf4
Childhood's End (2015),https://a.ltrbxd.com/resized/film-poster/3/0/9/3/9/3/309393-childhoods-end-2015-0-250-0-375-crop.jpg?v=41f976a3
A Guide to Recognizing Your Saints (2006),https://a.ltrbxd.com/resized/film-poster/4/7/8/6/6/47866-a-guide-to-recognizing-your-saints-0-250-0-375-crop.jpg?v=77997661
High and Low (1963),https://a.ltrbxd.com/resized/film-poster/4/4/5/4/2/44542-high-and-low-0-250-0-375-crop.jpg?v=14ca5137
In Fabric (2018),https://a.ltrbxd.com/resized/film-poster/4/0/6/1/0/6/406106-in-fabric-0-250-0-375-crop.jpg?v=d2e7aef3
Beyond the Hill (2012),https://a.ltrbxd.com/resized/film-poster/1/0/6/1/3/5/106135-beyond-the-hill-0-250-0-375-crop.jpg?v=f37dd629
My Mother's Wound (2016),https://a.ltrbxd.com/resized/film-poster/3/2/1/3/5/3/321353-my-mothers-wound-0-250-0-375-crop.jpg?v=6462d76e
Mustang (2015),https://a.ltrbxd.com/resized/film-poster/2/6/6/0/7/0/266070-mustang-2015-0-250-0-375-crop.jpg?v=e7498ed5
Soul Kitchen (2009),https://a.ltrbxd.com/resized/film-poster/3/1/3/9/9/31399-soul-kitchen-0-250-0-375-crop.jpg?v=d6a4efc3
Freaky Tales (2024),https://a.ltrbxd.com/resized/film-poster/8/8/2/1/1/5/882115-freaky-tales-0-250-0-375-crop.jpg?v=2bcbda70
Monsters: The Lyle and Erik Menendez Story (2024),https://a.ltrbxd.com/resized/film-poster/1/2/4/7/6/4/1/1247641-monsters-2024-0-250-0-375-crop.jpg?v=142b674b
Quick Change (1990),https://a.ltrbxd.com/resized/film-poster/4/5/9/4/9/45949-quick-change-0-250-0-375-crop.jpg?v=c53311d3
Nocebo (2022),https://a.ltrbxd.com/resized/film-poster/7/0/1/4/8/5/701485-nocebo-2022-0-250-0-375-crop.jpg?v=5ea166fb
The League of Extraordinary Gentlemen (2003),https://a.ltrbxd.com/resized/film-poster/4/7/6/3/8/47638-the-league-of-extraordinary-gentlemen-0-250-0-375-crop.jpg?v=c2601720
The 400 Blows (1959),https://a.ltrbxd.com/resized/film-poster/5/1/9/0/4/51904-the-400-blows-0-250-0-375-crop.jpg?v=6c772c53
Wizards (1977),https://a.ltrbxd.com/resized/film-poster/4/1/7/3/3/41733-wizards-0-250-0-375-crop.jpg?v=517618c5
The Muppet Christmas Carol (1992),https://a.ltrbxd.com/resized/film-poster/4/6/2/3/1/46231-the-muppet-christmas-carol-0-250-0-375-crop.jpg?v=f011b015
Housebound (2014),https://a.ltrbxd.com/resized/film-poster/1/7/7/1/3/6/177136-housebound-0-250-0-375-crop.jpg?v=d71db42f
The House of the Devil (2009),https://a.ltrbxd.com/resized/film-poster/3/5/6/3/9/35639-the-house-of-the-devil-0-250-0-375-crop.jpg?v=05020cea
The Long Walk (2025),https://a.ltrbxd.com/resized/film-poster/5/3/1/3/1/6/531316-the-long-walk-2025-0-250-0-375-crop.jpg?v=58ee2f23
Humanist Vampire Seeking Consenting Suicidal Person (2023),https://a.ltrbxd.com/resized/film-poster/8/9/0/1/0/5/890105-humanist-vampire-seeking-consenting-suicidal-person-0-250-0-375-crop.jpg?v=da7af47f
The Disappearance of Willie Bingham (2015),https://a.ltrbxd.com/resized/film-poster/2/8/3/5/3/3/283533-the-disappearance-of-willie-bingham-0-250-0-375-crop.jpg?v=0bddea77
Lurker (2025),https://a.ltrbxd.com/resized/film-poster/1/1/4/8/8/5/8/1148858-lurker-2025-0-250-0-375-crop.jpg?v=c5a39538
Melancholia (2011),https://a.ltrbxd.com/resized/film-poster/4/5/4/9/4549-melancholia-0-250-0-375-crop.jpg?v=9f2e5d17
Unbelievable (2019),https://a.ltrbxd.com/resized/film-poster/5/5/7/4/9/4/557494-unbelievable-2019-0-250-0-375-crop.jpg?v=f663d8d9
The Penguin (2024),https://a.ltrbxd.com/resized/film-poster/1/2/4/7/2/7/2/1247272-the-penguin-2024-0-250-0-375-crop.jpg?v=02cebe33
Black Bird (2022),https://a.ltrbxd.com/resized/film-poster/8/9/6/7/5/7/896757-black-bird-0-250-0-375-crop.jpg?v=bd50832e
Manhunt (2017),https://a.ltrbxd.com/resized/film-poster/4/7/5/9/3/5/475935-manhunt-2017-1-0-250-0-375-crop.jpg?v=21d7260b
Le Mans (1971),https://a.ltrbxd.com/resized/film-poster/4/8/5/6/7/48567-le-mans-0-250-0-375-crop.jpg?v=009387ba
Days of Thunder (1990),https://a.ltrbxd.com/resized/film-poster/5/0/5/0/8/50508-days-of-thunder-0-250-0-375-crop.jpg?v=1245c28b
964 Pinocchio (1991),https://a.ltrbxd.com/resized/film-poster/1/5/4/8/5/15485-964-pinocchio-0-250-0-375-crop.jpg?v=c561bc3a
Treasure Planet (2002),https://a.ltrbxd.com/resized/film-poster/4/7/4/2/6/47426-treasure-planet-0-250-0-375-crop.jpg?v=37c64f48
Toys in the Attic (2009),https://a.ltrbxd.com/resized/film-poster/5/7/0/3/5703-toys-in-the-attic-2009-0-250-0-375-crop.jpg?v=b2aa228a
Bob Spit: We Do Not Like People (2021),https://a.ltrbxd.com/resized/film-poster/7/4/7/3/5/7/747357-bob-spit-we-do-not-like-people-0-250-0-375-crop.jpg?v=e53ce556
The Bunny Game (2011),https://a.ltrbxd.com/resized/film-poster/7/0/9/6/1/70961-the-bunny-game-0-250-0-375-crop.jpg?v=f2c341e8
Highest 2 Lowest (2025),https://a.ltrbxd.com/resized/film-poster/1/1/2/5/0/3/1/1125031-highest-2-lowest-0-250-0-375-crop.jpg?v=8392c7e3
Along with the Gods: The Two Worlds (2017),https://a.ltrbxd.com/resized/film-poster/3/3/1/8/7/1/331871-along-with-the-gods-the-two-worlds-0-250-0-375-crop.jpg?v=d2fc1b6a
Bug (2006),https://a.ltrbxd.com/resized/film-poster/4/4/5/1/0/44510-bug-2006-0-250-0-375-crop.jpg?v=e9ee0426
Headless (2015),https://a.ltrbxd.com/resized/film-poster/2/5/3/5/6/7/253567-headless-2015-0-250-0-375-crop.jpg?v=53232e1f
Lake Mungo (2008),https://a.ltrbxd.com/resized/film-poster/3/4/5/7/6/34576-lake-mungo-0-250-0-375-crop.jpg?v=a8db0d04
In the Hand of Dante (2025),https://a.ltrbxd.com/resized/film-poster/9/1/9/2/3/8/919238-in-the-hand-of-dante-0-250-0-375-crop.jpg?v=55b7f6ba
Time Masters (1982),https://a.ltrbxd.com/resized/film-poster/3/7/8/5/4/37854-time-masters-0-250-0-375-crop.jpg?v=b2ae4c4a
Uncle Boonmee Who Can Recall His Past Lives (2010),https://a.ltrbxd.com/resized/film-poster/2/6/1/9/4/26194-uncle-boonmee-who-can-recall-his-past-lives-0-250-0-375-crop.jpg?v=b65564f4
Houdini (2014),https://a.ltrbxd.com/resized/film-poster/2/1/5/3/2/6/215326-houdini-2014-0-250-0-375-crop.jpg?v=a7e1fc69
Die! Sitter! Die! : Rupert (2016),https://a.ltrbxd.com/resized/film-poster/3/2/4/2/4/4/324244-die-sitter-die-rupert-0-250-0-375-crop.jpg?v=d73fd6af
Door to Door (2002),https://a.ltrbxd.com/resized/film-poster/2/3/3/4/2/23342-door-to-door-0-250-0-375-crop.jpg?v=c897c9ca
Men Behind the Sun (1988),https://a.ltrbxd.com/resized/film-poster/3/5/6/2/7/35627-men-behind-the-sun-0-250-0-375-crop.jpg?v=f335a122
Mad God (2021),https://a.ltrbxd.com/resized/film-poster/7/6/1/0/4/6/761046-mad-god-0-250-0-375-crop.jpg?v=50fe9346
Sirāt (2025),https://a.ltrbxd.com/resized/film-poster/1/0/3/7/7/7/7/1037777-sirat-2025-0-250-0-375-crop.jpg?v=42345469
The Discovery (2017),https://a.ltrbxd.com/resized/film-poster/3/1/1/4/6/7/311467-the-discovery-0-250-0-375-crop.jpg?v=dab18476
The Beach (2000),https://a.ltrbxd.com/resized/film-poster/5/0/6/9/8/50698-the-beach-0-250-0-375-crop.jpg?v=a1c2f5c4
Everything Unnerves Me (2022),https://a.ltrbxd.com/resized/film-poster/7/9/1/4/4/9/791449-everything-unnerves-me-0-250-0-375-crop.jpg?v=63315fe6
The Code (2024),https://a.ltrbxd.com/resized/film-poster/1/0/2/2/3/4/9/1022349-the-code-2024-0-250-0-375-crop.jpg?v=a2a5d993
Dead Talents Society (2024),https://a.ltrbxd.com/resized/film-poster/9/0/7/0/1/1/907011-dead-talents-society-0-250-0-375-crop.jpg?v=7a5f0e4f
ODDTAXI (2021),https://a.ltrbxd.com/resized/film-poster/7/6/0/1/7/0/760170-oddtaxi-0-250-0-375-crop.jpg?v=4121a386
Stranger Than Paradise (1984),https://a.ltrbxd.com/resized/film-poster/5/1/6/3/3/51633-stranger-than-paradise-0-250-0-375-crop.jpg?v=c21aa229
The Man Who Laughs (1928),https://a.ltrbxd.com/resized/film-poster/3/4/4/4/9/34449-the-man-who-laughs-0-250-0-375-crop.jpg?v=c6467926
Zoom Up: Rape Site (1979),https://a.ltrbxd.com/resized/film-poster/1/0/9/2/1/8/109218-zoom-up-rape-site-0-250-0-375-crop.jpg?v=57c3efec
Destricted (2006),https://a.ltrbxd.com/resized/film-poster/1/4/8/6/4/3/148643-destricted-0-250-0-375-crop.jpg?v=71a740cd
Baise-moi (2000),https://a.ltrbxd.com/resized/film-poster/4/9/8/4/3/49843-baise-moi-0-250-0-375-crop.jpg?v=8ea22195
Elephant (2003),https://a.ltrbxd.com/resized/film-poster/5/0/7/8/6/50786-elephant-2003-0-250-0-375-crop.jpg?v=fea177d7
The Gambler (1974),https://a.ltrbxd.com/resized/film-poster/2/0/3/9/9/20399-the-gambler-0-250-0-375-crop.jpg?v=00c2d953
The Wicker Man (1973),https://a.ltrbxd.com/resized/film-poster/4/1/6/6/2/41662-the-wicker-man-0-250-0-375-crop.jpg?v=e585de48
Pieta (2012),https://a.ltrbxd.com/resized/film-poster/9/6/9/0/8/96908-pieta-0-250-0-375-crop.jpg?v=65f2d0f3
Slotherhouse (2023),https://a.ltrbxd.com/resized/film-poster/9/3/9/0/9/8/939098-slotherhouse-0-250-0-375-crop.jpg?v=64defb75
The Girl with the Needle (2024),https://a.ltrbxd.com/resized/film-poster/1/1/1/6/3/2/1/1116321-the-girl-with-the-needle-0-250-0-375-crop.jpg?v=71c62296
What Have They Done to Your Daughters? (1974),https://a.ltrbxd.com/resized/film-poster/5/4/5/3/6/54536-what-have-they-done-to-your-daughters-0-250-0-375-crop.jpg?v=0f363e03
Natural Born Killers (1994),https://a.ltrbxd.com/resized/film-poster/5/1/8/1/5/51815-natural-born-killers-0-250-0-375-crop.jpg?v=c5cbcffc
Cure (1997),https://a.ltrbxd.com/resized/film-poster/2/8/1/9/5/28195-cure-0-250-0-375-crop.jpg?v=68a20e46
Serial Experiments Lain (1998),https://a.ltrbxd.com/resized/film-poster/4/2/8/5/4/8/428548-serial-experiments-lain-0-250-0-375-crop.jpg?v=cb51457e
Memories (1995),https://a.ltrbxd.com/resized/film-poster/2/2/1/2/8/22128-memories-0-250-0-375-crop.jpg?v=7b8d6770
Fixed (2025),https://a.ltrbxd.com/resized/film-poster/4/6/7/1/2/1/467121-fixed-2025-0-250-0-375-crop.jpg?v=6dd1f156
We Are Still Here (2015),https://a.ltrbxd.com/resized/film-poster/2/1/7/5/3/3/217533-we-are-still-here-0-250-0-375-crop.jpg?v=a54128c8
The Wages of Fear (1953),https://a.ltrbxd.com/resized/film-poster/5/1/8/4/9/51849-the-wages-of-fear-0-250-0-375-crop.jpg?v=93d53c73
Tigers Are Not Afraid (2017),https://a.ltrbxd.com/resized/film-poster/2/7/9/2/7/6/279276-tigers-are-not-afraid-0-250-0-375-crop.jpg?v=f154e711
Whisky (2004),https://a.ltrbxd.com/resized/film-poster/2/7/4/3/5/27435-whisky-0-250-0-375-crop.jpg?v=1d2a4397
The Field Guide to Evil (2018),https://a.ltrbxd.com/resized/film-poster/3/6/9/4/0/9/369409-the-field-guide-to-evil-0-250-0-375-crop.jpg?v=e70b89f2
The Maxx (1995),https://a.ltrbxd.com/resized/film-poster/3/3/2/0/3/1/332031-the-maxx-0-250-0-375-crop.jpg?v=002e59a7
Predator: Killer of Killers (2025),https://a.ltrbxd.com/resized/film-poster/1/2/6/2/5/6/7/1262567-predator-killer-of-killers-0-250-0-375-crop.jpg?v=b975f488
Emmanuelle (1974),https://a.ltrbxd.com/resized/film-poster/3/6/7/9/8/36798-emmanuelle-0-250-0-375-crop.jpg?v=8f7e5da4
Maniac (1980),https://a.ltrbxd.com/resized/film-poster/3/4/5/9/8/34598-maniac-1980-0-250-0-375-crop.jpg?v=d049377a
Strange Circus (2005),https://a.ltrbxd.com/resized/film-poster/4/5/8/4/3/45843-strange-circus-0-250-0-375-crop.jpg?v=21ca05d9
The Duke of Burgundy (2014),https://a.ltrbxd.com/resized/film-poster/1/7/4/7/1/9/174719-the-duke-of-burgundy-0-250-0-375-crop.jpg?v=fe528854
Kuso (2017),https://a.ltrbxd.com/resized/film-poster/3/4/5/6/4/2/345642-kuso-0-250-0-375-crop.jpg?v=0dbc0e3b
In My Skin (2002),https://a.ltrbxd.com/resized/film-poster/5/0/7/6/3/50763-in-my-skin-0-250-0-375-crop.jpg?v=9e84284d
Frankenhooker (1990),https://a.ltrbxd.com/resized/film-poster/3/4/6/6/2/34662-frankenhooker-0-250-0-375-crop.jpg?v=bcfcf325
Hanzo the Razor: Sword of Justice (1972),https://a.ltrbxd.com/resized/film-poster/4/1/2/1/3/41213-hanzo-the-razor-sword-of-justice-0-250-0-375-crop.jpg?v=27824adc
Basket Case (1982),https://a.ltrbxd.com/resized/film-poster/3/4/1/8/1/34181-basket-case-0-250-0-375-crop.jpg?v=7e5735bf
Tromeo & Juliet (1996),https://a.ltrbxd.com/resized/film-poster/4/1/7/2/0/41720-tromeo-juliet-0-250-0-375-crop.jpg?v=5401d74a
District 9 (2009),https://a.ltrbxd.com/resized/film-poster/4/0/8/6/0/40860-district-9-0-250-0-375-crop.jpg?v=35a08af9
Secret Mall Apartment (2024),https://a.ltrbxd.com/resized/film-poster/1/1/2/1/2/4/6/1121246-secret-mall-apartment-2024-0-250-0-375-crop.jpg?v=c4d0203f
Dangerous Animals (2025),https://a.ltrbxd.com/resized/film-poster/1/1/6/9/2/8/4/1169284-dangerous-animals-0-250-0-375-crop.jpg?v=bd3be1d0
Anvil! The Story of Anvil (2008),https://a.ltrbxd.com/resized/film-poster/4/0/5/8/4/40584-anvil-the-story-of-anvil-0-250-0-375-crop.jpg?v=0af45721
Häxan (1922),https://a.ltrbxd.com/resized/film-poster/8/8/7/1/8871-haxan-0-250-0-375-crop.jpg?v=0c255dd6
This Film Is Not Yet Rated (2006),https://a.ltrbxd.com/resized/film-poster/4/1/8/5/9/41859-this-film-is-not-yet-rated-0-250-0-375-crop.jpg?v=dab00804
The Act of Killing (2012),https://a.ltrbxd.com/resized/film-poster/9/7/1/0/6/97106-the-act-of-killing-0-250-0-375-crop.jpg?v=cf661e57
Capturing the Friedmans (2003),https://a.ltrbxd.com/resized/film-poster/5/0/3/8/2/50382-capturing-the-friedmans-0-250-0-375-crop.jpg?v=4e185b56
Poltergeist (1982),https://a.ltrbxd.com/resized/film-poster/5/1/5/1/2/51512-poltergeist-0-250-0-375-crop.jpg?v=0ef67808
Suicide (1979),https://a.ltrbxd.com/resized/film-poster/7/0/5/2/5/5/705255-suicide-1979-0-250-0-375-crop.jpg?v=93bd4d81
May (2002),https://a.ltrbxd.com/resized/film-poster/4/5/7/9/8/45798-may-0-250-0-375-crop.jpg?v=5a2754af
Rewind This! (2013),https://a.ltrbxd.com/resized/film-poster/1/2/7/1/6/2/127162-rewind-this-0-250-0-375-crop.jpg?v=fab111c7
Videoman (2018),https://a.ltrbxd.com/resized/film-poster/3/4/8/2/0/0/348200-videoman-0-250-0-375-crop.jpg?v=ba474332
"Video Nasties: Moral Panic, Censorship & Videotape (2010)",https://a.ltrbxd.com/resized/film-poster/5/3/8/7/5387-video-nasties-moral-panic-censorship-videotape-0-250-0-375-crop.jpg?v=6eb438e9
Club Lingerie (2014),https://a.ltrbxd.com/resized/film-poster/2/5/9/1/2/9/259129-club-lingerie-0-250-0-375-crop.jpg?v=1868eb20
The Smashing Machine (2025),https://a.ltrbxd.com/resized/film-poster/6/8/0/7/3/9/680739-the-smashing-machine-2025-0-250-0-375-crop.jpg?v=65d50e53
The Smashing Machine (2002),https://a.ltrbxd.com/resized/film-poster/2/8/2/7/2/28272-the-smashing-machine-0-250-0-375-crop.jpg?v=b6abc402
Tales from the Hood (1995),https://a.ltrbxd.com/resized/film-poster/3/6/3/1/3/36313-tales-from-the-hood-0-250-0-375-crop.jpg?v=a648aa3f
Killing the Shadows (2006),https://a.ltrbxd.com/resized/film-poster/1/5/5/9/1/15591-killing-the-shadows-0-250-0-375-crop.jpg?v=fb2b30d6
Cyrano de Bergerac (1990),https://a.ltrbxd.com/resized/film-poster/4/5/0/8/0/45080-cyrano-de-bergerac-1990-0-250-0-375-crop.jpg?v=cd680e81
Cyrano (2021),https://a.ltrbxd.com/resized/film-poster/6/5/2/4/9/6/652496-cyrano-2021-0-250-0-375-crop.jpg?v=04cb4bf3
Sasquatch Sunset (2024),https://a.ltrbxd.com/resized/film-poster/9/1/5/0/8/9/915089-sasquatch-sunset-0-250-0-375-crop.jpg?v=ec29cf2f
Better Man (2024),https://a.ltrbxd.com/resized/film-poster/7/1/7/4/7/1/717471-better-man-2024-0-250-0-375-crop.jpg?v=5d3d9db7
Quiz Show (1994),https://a.ltrbxd.com/resized/film-poster/4/5/2/9/2/45292-quiz-show-0-250-0-375-crop.jpg?v=2eaa5034
The Horde (2009),https://a.ltrbxd.com/resized/film-poster/2/6/6/1/4/26614-the-horde-0-250-0-375-crop.jpg?v=331ba6ef
Vinyan (2008),https://a.ltrbxd.com/resized/film-poster/4/1/6/2/8/41628-vinyan-0-250-0-375-crop.jpg?v=ac356f0b
Bram Stoker's Dracula (1992),https://a.ltrbxd.com/resized/film-poster/4/8/4/5/4/48454-bram-stokers-dracula-0-250-0-375-crop.jpg?v=5d26b8e1
30 Days of Night (2007),https://a.ltrbxd.com/resized/film-poster/4/9/2/8/7/49287-30-days-of-night-0-250-0-375-crop.jpg?v=8dc0ce31
Ninja Scroll (1993),https://a.ltrbxd.com/resized/film-poster/4/3/2/0/3/43203-ninja-scroll-0-250-0-375-crop.jpg?v=ca2f66e7
Threads (1984),https://a.ltrbxd.com/resized/film-poster/4/0/7/4/8/40748-threads-0-250-0-375-crop.jpg?v=e4307b56
The Demoniacs (1974),https://a.ltrbxd.com/resized/film-poster/3/3/1/1/1/33111-the-demoniacs-0-250-0-375-crop.jpg?v=a36dca2a
Benedetta (2021),https://a.ltrbxd.com/resized/film-poster/3/8/6/6/3/1/386631-benedetta-0-250-0-375-crop.jpg?v=0ff90ef0
The Cabinet of Dr. Caligari (1920),https://a.ltrbxd.com/resized/film-poster/5/1/8/2/2/51822-the-cabinet-of-dr-caligari-1920-0-250-0-375-crop.jpg?v=e1a51251
The Execution of P (2009),https://a.ltrbxd.com/resized/film-poster/4/8/6/486-the-execution-of-p-0-250-0-375-crop.jpg?v=774fdfbc
Victoria (2015),https://a.ltrbxd.com/resized/film-poster/2/4/7/1/2/1/247121-victoria-2015-0-250-0-375-crop.jpg?v=3f76f1db
Behind the Mask: The Rise of Leslie Vernon (2006),https://a.ltrbxd.com/resized/film-poster/4/5/7/3/3/45733-behind-the-mask-the-rise-of-leslie-vernon-0-250-0-375-crop.jpg?v=8dd19dc1
The Name of the Rose (1986),https://a.ltrbxd.com/resized/film-poster/5/1/8/6/0/51860-the-name-of-the-rose-0-250-0-375-crop.jpg?v=14f6c19e
Dick Tracy (1990),https://a.ltrbxd.com/resized/film-poster/4/7/6/7/5/47675-dick-tracy-0-250-0-375-crop.jpg?v=4da7445a
The Driller Killer (1979),https://a.ltrbxd.com/resized/film-poster/4/3/7/9/1/43791-the-driller-killer-0-250-0-375-crop.jpg?v=02451ad6
Happiness (1998),https://a.ltrbxd.com/resized/film-poster/4/5/9/9/3/45993-happiness-0-250-0-375-crop.jpg?v=c4680aa4
Storytelling (2001),https://a.ltrbxd.com/resized/film-poster/4/1/5/0/5/41505-storytelling-0-250-0-375-crop.jpg?v=7ee40828
Men (2022),https://a.ltrbxd.com/resized/film-poster/6/9/9/2/9/8/699298-men-2022-0-250-0-375-crop.jpg?v=26cacbab
Import/Export (2007),https://a.ltrbxd.com/resized/film-poster/4/9/0/0/4/49004-import-export-0-250-0-375-crop.jpg?v=b6a6f25c
Bingo: The King of the Mornings (2017),https://a.ltrbxd.com/resized/film-poster/3/6/2/3/6/8/362368-bingo-the-king-of-the-mornings-0-250-0-375-crop.jpg?v=f38b40cb
The Insider (1999),https://a.ltrbxd.com/resized/film-poster/4/7/4/3/4/47434-the-insider-0-250-0-375-crop.jpg?v=22bf3f93
Visitor Q (2001),https://a.ltrbxd.com/resized/film-poster/4/9/4/4/9/49449-visitor-q-0-250-0-375-crop.jpg?v=c6592724
Apocalypto (2006),https://a.ltrbxd.com/resized/film-poster/5/0/9/5/5/50955-apocalypto-0-250-0-375-crop.jpg?v=b1008617
The Wolf House (2018),https://a.ltrbxd.com/resized/film-poster/4/2/9/5/7/1/429571-the-wolf-house-0-250-0-375-crop.jpg?v=4e486aaf
Lowlife (2017),https://a.ltrbxd.com/resized/film-poster/3/9/3/4/6/0/393460-lowlife-2017-0-250-0-375-crop.jpg?v=7a350670
Nothing Bad Can Happen (2013),https://a.ltrbxd.com/resized/film-poster/1/3/6/1/1/9/136119-nothing-bad-can-happen-0-250-0-375-crop.jpg?v=d6fcfce3
Mum & Dad (2008),https://a.ltrbxd.com/resized/film-poster/3/9/7/8/5/39785-mum-dad-0-250-0-375-crop.jpg?v=36f0f198
The Head Hunter (2018),https://a.ltrbxd.com/resized/film-poster/4/8/1/8/8/2/481882-the-head-hunter-2018-0-250-0-375-crop.jpg?v=d0b1fa24
Lifechanger (2018),https://a.ltrbxd.com/resized/film-poster/4/6/1/8/6/5/461865-lifechanger-0-250-0-375-crop.jpg?v=a433fdc3
Angst (1983),https://a.ltrbxd.com/resized/film-poster/4/0/0/0/3/40003-angst-0-250-0-375-crop.jpg?v=e7a1d4d6
The 10th Victim (1965),https://a.ltrbxd.com/resized/film-poster/1/2/0/6/1206-the-10th-victim-0-250-0-375-crop.jpg?v=892619ad
Fist of the North Star (1986),https://a.ltrbxd.com/resized/film-poster/3/9/3/6/5/39365-fist-of-the-north-star-0-250-0-375-crop.jpg?v=9f7bcf55
Thriller: A Cruel Picture (1973),https://a.ltrbxd.com/resized/film-poster/4/2/6/6/5/42665-thriller-a-cruel-picture-0-250-0-375-crop.jpg?v=c0672ce5
In the Mouth of Madness (1994),https://a.ltrbxd.com/resized/film-poster/5/0/1/6/6/50166-in-the-mouth-of-madness-0-250-0-375-crop.jpg?v=d49bfd50
Toolbox Murders (2004),https://a.ltrbxd.com/resized/film-poster/4/1/4/0/6/41406-toolbox-murders-0-250-0-375-crop.jpg?v=6c481927
Dogville (2003),https://a.ltrbxd.com/resized/film-poster/5/1/5/6/5/51565-dogville-0-250-0-375-crop.jpg?v=5b9f28b5
Gandu (2010),https://a.ltrbxd.com/resized/film-poster/7/7/2/1/0/77210-gandu-0-250-0-375-crop.jpg?v=05ba5657
Aamis (2019),https://a.ltrbxd.com/resized/film-poster/4/9/8/1/5/5/498155-aamis-0-250-0-375-crop.jpg?v=19fe13a6
RRR (2022),https://a.ltrbxd.com/resized/film-poster/5/0/8/0/3/7/508037-rrr-0-250-0-375-crop.jpg?v=9635943b
Ghajini (2008),https://a.ltrbxd.com/resized/film-poster/4/3/3/6/9/43369-ghajini-2008-0-250-0-375-crop.jpg?v=6a67210f
Asparagus (1979),https://a.ltrbxd.com/resized/film-poster/2/7/5/2/1/27521-asparagus-0-250-0-375-crop.jpg?v=2eecd4b0
The Day the Earth Blew Up: A Looney Tunes Movie (2024),https://a.ltrbxd.com/resized/film-poster/7/8/2/4/6/0/782460-the-day-the-earth-blew-up-a-looney-tunes-movie-0-250-0-375-crop.jpg?v=1c3e8dd6
Ripley (2024),https://a.ltrbxd.com/resized/film-poster/1/1/4/1/3/2/0/1141320-ripley-0-250-0-375-crop.jpg?v=352741fa
Rascal Does Not Dream of Bunny Girl Senpai (2018),https://a.ltrbxd.com/resized/film-poster/6/0/8/9/1/3/608913-rascal-does-not-dream-of-bunny-girl-senpai-0-250-0-375-crop.jpg?v=a0750b6b
Borgman (2013),https://a.ltrbxd.com/resized/film-poster/1/3/5/0/0/1/135001-borgman-0-250-0-375-crop.jpg?v=c3e82182
Banana Fish (2018),https://a.ltrbxd.com/resized/film-poster/6/3/7/7/4/7/637747-banana-fish-0-250-0-375-crop.jpg?v=c4aab37c
The Nightingale (2018),https://a.ltrbxd.com/resized/film-poster/3/3/4/3/0/5/334305-the-nightingale-2018-0-250-0-375-crop.jpg?v=63e2271d
Taxidermia (2006),https://a.ltrbxd.com/resized/film-poster/4/2/1/3/4/42134-taxidermia-0-250-0-375-crop.jpg?v=de54f754
The Happiness of the Katakuris (2001),https://a.ltrbxd.com/resized/film-poster/4/1/7/6/3/41763-the-happiness-of-the-katakuris-0-250-0-375-crop.jpg?v=afa075cf
The Peasants (2023),https://a.ltrbxd.com/resized/film-poster/6/5/6/1/4/7/656147-the-peasants-2023-0-250-0-375-crop.jpg?v=e2230e99
The Assessment (2024),https://a.ltrbxd.com/resized/film-poster/1/1/9/7/8/8/4/1197884-the-assessment-2024-0-250-0-375-crop.jpg?v=166d8002
The Scooby-Doo Project (1999),https://a.ltrbxd.com/resized/film-poster/3/5/6/9/0/8/356908-the-scooby-doo-project-0-250-0-375-crop.jpg?v=7cf2c84f
Watching the Detectives (2007),https://a.ltrbxd.com/resized/film-poster/3/8/0/7/6/38076-watching-the-detectives-0-250-0-375-crop.jpg?v=dcad017a
Innocence (1997),https://a.ltrbxd.com/resized/film-poster/3/1/1/9/8/31198-innocence-1997-0-250-0-375-crop.jpg?v=9e3c9660
Time to Love (1965),https://a.ltrbxd.com/resized/film-poster/9/7/7/1/5/97715-time-to-love-0-250-0-375-crop.jpg?v=9b0e82fe
EO (2022),https://a.ltrbxd.com/resized/film-poster/7/0/3/9/4/3/703943-eo-0-250-0-375-crop.jpg?v=ac9efd0d
Idiocracy (2006),https://a.ltrbxd.com/resized/film-poster/4/8/0/0/0/48000-idiocracy-0-250-0-375-crop.jpg?v=c0c33a60
The Count of Monte Cristo (2024),https://a.ltrbxd.com/resized/film-poster/9/7/7/8/3/5/977835-the-count-of-monte-cristo-2024-0-250-0-375-crop.jpg?v=1ff31b8e
The Secret Life of Walter Mitty (2013),https://a.ltrbxd.com/resized/film-poster/9/2/6/1/9/92619-the-secret-life-of-walter-mitty-2013-0-250-0-375-crop.jpg?v=60cee2aa
My Dinner with Andre (1981),https://a.ltrbxd.com/resized/film-poster/3/6/0/4/2/36042-my-dinner-with-andre-0-250-0-375-crop.jpg?v=fea61b17
Antichrist (2009),https://a.ltrbxd.com/resized/film-poster/4/0/8/9/2/40892-antichrist-0-250-0-375-crop.jpg?v=555ba378
Beowulf (2007),https://a.ltrbxd.com/resized/film-poster/5/0/3/4/1/50341-beowulf-2007-0-250-0-375-crop.jpg?v=c0125f81
The Warriors (1979),https://a.ltrbxd.com/resized/film-poster/4/5/2/7/0/45270-the-warriors-0-250-0-375-crop.jpg?v=dff6b530
The Eternaut (2025),https://a.ltrbxd.com/resized/film-poster/1/3/4/1/2/3/3/1341233-the-eternaut-0-250-0-375-crop.jpg?v=ea7ba1fb
Whisper of the Heart (1995),https://a.ltrbxd.com/resized/film-poster/2/6/7/1/3/26713-whisper-of-the-heart-0-250-0-375-crop.jpg?v=e5f76807
Boiler Room (2000),https://a.ltrbxd.com/resized/film-poster/4/3/2/8/4/43284-boiler-room-0-250-0-375-crop.jpg?v=5f763111
Vulcanizadora (2024),https://a.ltrbxd.com/resized/film-poster/1/0/1/8/5/5/1/1018551-vulcanizadora-0-250-0-375-crop.jpg?v=a4eda851
Hook (1991),https://a.ltrbxd.com/resized/film-poster/5/1/2/7/3/51273-hook-0-250-0-375-crop.jpg?v=3746e079
Pussy (2016),https://a.ltrbxd.com/resized/film-poster/3/5/8/8/7/2/358872-pussy-2016-0-250-0-375-crop.jpg?v=1ced5e7c
Biutiful (2010),https://a.ltrbxd.com/resized/film-poster/1/9/3/3/6/19336-biutiful-0-250-0-375-crop.jpg?v=218ca9f5
Bring Them Down (2024),https://a.ltrbxd.com/resized/film-poster/7/2/2/1/4/6/722146-bring-them-down-0-250-0-375-crop.jpg?v=b6aca0b7
The Amateur (2025),https://a.ltrbxd.com/resized/film-poster/9/8/0/9/1/4/980914-the-amateur-2025-0-250-0-375-crop.jpg?v=f64f5b32
Carrie (1976),https://a.ltrbxd.com/resized/film-poster/4/8/0/4/9/48049-carrie-1976-0-250-0-375-crop.jpg?v=9c797e04
Death Becomes Her (1992),https://a.ltrbxd.com/resized/film-poster/4/7/2/2/1/47221-death-becomes-her-0-250-0-375-crop.jpg?v=4ace4f16
Chainsaw Man (2022),https://a.ltrbxd.com/resized/film-poster/1/0/7/4/9/6/3/1074963-chainsaw-man-2022-0-250-0-375-crop.jpg?v=e4344c53
An American Crime (2007),https://a.ltrbxd.com/resized/film-poster/4/4/2/1/9/44219-an-american-crime-0-250-0-375-crop.jpg?v=01b4e82d
Man on the Moon (1999),https://a.ltrbxd.com/resized/film-poster/5/0/7/4/9/50749-man-on-the-moon-0-250-0-375-crop.jpg?v=d7998c53
Twin Peaks: Fire Walk with Me (1992),https://a.ltrbxd.com/resized/film-poster/5/0/6/8/2/50682-twin-peaks-fire-walk-with-me-0-250-0-375-crop.jpg?v=7e4e9ddc
One Cut of the Dead (2017),https://a.ltrbxd.com/resized/film-poster/4/4/3/0/8/6/443086-one-cut-of-the-dead-0-250-0-375-crop.jpg?v=6d247fc8
Videodrome (1983),https://a.ltrbxd.com/resized/film-poster/5/1/3/1/5/51315-videodrome-0-250-0-375-crop.jpg?v=b24d477f
Audition (1999),https://a.ltrbxd.com/resized/film-poster/4/5/6/2/8/45628-audition-0-250-0-375-crop.jpg?v=1468d365
Hagazussa (2017),https://a.ltrbxd.com/resized/film-poster/3/9/8/2/2/9/398229-hagazussa-0-250-0-375-crop.jpg?v=f880010e
Henry: Portrait of a Serial Killer (1986),https://a.ltrbxd.com/resized/film-poster/4/5/9/8/4/45984-henry-portrait-of-a-serial-killer-0-250-0-375-crop.jpg?v=e631bb29
Snowtown (2011),https://a.ltrbxd.com/resized/film-poster/5/3/4/4/3/53443-snowtown-0-250-0-375-crop.jpg?v=d50d787e
Michael (2011),https://a.ltrbxd.com/resized/film-poster/6/5/0/8/2/65082-michael-0-250-0-375-crop.jpg?v=efb59c38
Faces of Death (1978),https://a.ltrbxd.com/resized/film-poster/4/4/6/7/4/44674-faces-of-death-0-250-0-375-crop.jpg?v=e49ad1ee
Guinea Pig: Devil's Experiment (1985),https://a.ltrbxd.com/resized/film-poster/4/0/4/2/1/40421-guinea-pig-devils-experiment-0-250-0-375-crop.jpg?v=30194195
Mysterious Skin (2004),https://a.ltrbxd.com/resized/film-poster/4/5/5/3/7/45537-mysterious-skin-0-250-0-375-crop.jpg?v=9b6c5edb
Little Shop of Horrors (1986),https://a.ltrbxd.com/resized/film-poster/4/5/9/0/7/45907-little-shop-of-horrors-0-250-0-375-crop.jpg?v=8d7d3708
The Florida Project (2017),https://a.ltrbxd.com/resized/film-poster/3/2/8/5/3/8/328538-the-florida-project-0-250-0-375-crop.jpg?v=b1056f80
Dorohedoro (2020),https://a.ltrbxd.com/resized/film-poster/6/7/3/3/2/3/673323-dorohedoro-0-250-0-375-crop.jpg?v=2308af55
The Life of David Gale (2003),https://a.ltrbxd.com/resized/film-poster/4/5/1/3/6/45136-the-life-of-david-gale-0-250-0-375-crop.jpg?v=d6529b08
The Fall (2006),https://a.ltrbxd.com/resized/film-poster/4/2/8/2/2/42822-the-fall-0-250-0-375-crop.jpg?v=aa6640a7
Timecrimes (2007),https://a.ltrbxd.com/resized/film-poster/4/3/3/1/8/43318-timecrimes-0-250-0-375-crop.jpg?v=00b6e509
Sweetpea (2024),https://a.ltrbxd.com/resized/film-poster/1/2/5/7/9/2/7/1257927-sweetpea-2024-0-250-0-375-crop.jpg?v=53f8a098
The Others (2001),https://a.ltrbxd.com/resized/film-poster/5/0/6/7/5/50675-the-others-0-250-0-375-crop.jpg?v=2c81b206
The Skeleton Key (2005),https://a.ltrbxd.com/resized/film-poster/4/6/7/2/1/46721-the-skeleton-key-0-250-0-375-crop.jpg?v=44f3873a
The Day of the Jackal (2024),https://a.ltrbxd.com/resized/film-poster/1/2/7/3/5/4/3/1273543-the-day-of-the-jackal-2024-0-250-0-375-crop.jpg?v=9cde0219
Blade (1998),https://a.ltrbxd.com/resized/film-poster/2/7/7/3/0/27730-blade-0-250-0-375-crop.jpg?v=45a5fa67
The Vast of Night (2019),https://a.ltrbxd.com/resized/film-poster/4/9/4/1/6/6/494166-the-vast-of-night-0-250-0-375-crop.jpg?v=174a78dc
Sharp Objects (2018),https://a.ltrbxd.com/resized/film-poster/4/5/4/2/8/5/454285-sharp-objects-0-250-0-375-crop.jpg?v=d30f465f
The Chestnut Man (2021),https://a.ltrbxd.com/resized/film-poster/7/9/2/9/7/9/792979-the-chestnut-man-0-250-0-375-crop.jpg?v=e82c51a4
A Cat in Paris (2010),https://a.ltrbxd.com/resized/film-poster/1/3/6/1/7/13617-a-cat-in-paris-0-250-0-375-crop.jpg?v=71ad6d1e
Cashback (2006),https://a.ltrbxd.com/resized/film-poster/4/4/6/8/4/44684-cashback-0-250-0-375-crop.jpg?v=b6abe510
Smoke (1995),https://a.ltrbxd.com/resized/film-poster/4/6/5/0/0/46500-smoke-0-250-0-375-crop.jpg?v=5aa43875
The Things You Kill (2025),https://a.ltrbxd.com/resized/film-poster/9/0/2/0/3/8/902038-the-things-you-kill-0-250-0-375-crop.jpg?v=8f6ebeb1
La Belle Époque (2019),https://a.ltrbxd.com/resized/film-poster/5/2/3/4/0/8/523408-la-belle-epoque-2019-0-250-0-375-crop.jpg?v=dab27df6
The Host (2006),https://a.ltrbxd.com/resized/film-poster/5/1/1/2/5/51125-the-host-0-250-0-375-crop.jpg?v=f19f4fec
Scary Movie (2026),https://a.ltrbxd.com/resized/film-poster/1/1/5/6/9/1/0/1156910-scary-movie-2026-0-250-0-375-crop.jpg?v=f7df7490
Sunshine (2007),https://a.ltrbxd.com/resized/film-poster/5/1/1/1/0/51110-sunshine-2007-0-250-0-375-crop.jpg?v=fd21d3b4
Zero Dark Thirty (2012),https://a.ltrbxd.com/resized/film-poster/8/0/3/4/9/80349-zero-dark-thirty-0-250-0-375-crop.jpg?v=31a44948
Caught Stealing (2025),https://a.ltrbxd.com/resized/film-poster/1/1/2/9/1/9/9/1129199-caught-stealing-0-250-0-375-crop.jpg?v=f2b287a3
A Big Bold Beautiful Journey (2025),https://a.ltrbxd.com/resized/film-poster/1/1/2/4/8/8/6/1124886-a-big-bold-beautiful-journey-0-250-0-375-crop.jpg?v=0d34bff8
We Need to Talk About Kevin (2011),https://a.ltrbxd.com/resized/film-poster/5/7/6/2/2/57622-we-need-to-talk-about-kevin-0-250-0-375-crop.jpg?v=877ef5b4
Eddington (2025),https://a.ltrbxd.com/resized/film-poster/5/7/4/5/9/5/574595-eddington-0-250-0-375-crop.jpg?v=41dcf8c0
All Ladies Do It (1992),https://a.ltrbxd.com/resized/film-poster/2/7/1/6/7/27167-all-ladies-do-it-0-250-0-375-crop.jpg?v=5a33c3a8
Smiley Face (2007),https://a.ltrbxd.com/resized/film-poster/4/4/0/8/2/44082-smiley-face-0-250-0-375-crop.jpg?v=42c766c1
Do the Right Thing (1989),https://a.ltrbxd.com/resized/film-poster/5/1/2/2/8/51228-do-the-right-thing-0-250-0-375-crop.jpg?v=b6f43cb1
Team America: World Police (2004),https://a.ltrbxd.com/resized/film-poster/4/9/5/3/1/49531-team-america-world-police-0-250-0-375-crop.jpg?v=46ad6f21
Hunger (2008),https://a.ltrbxd.com/resized/film-poster/4/6/3/0/4/46304-hunger-0-250-0-375-crop.jpg?v=0d34183d
28 Days Later (2002),https://a.ltrbxd.com/resized/film-poster/5/1/8/8/1/51881-28-days-later-0-250-0-375-crop.jpg?v=b851d3a3
"Synecdoche, New York (2008)",https://a.ltrbxd.com/resized/film-poster/4/9/0/3/9/49039-synecdoche-new-york-0-250-0-375-crop.jpg?v=cd5f2776
Triangle (2009),https://a.ltrbxd.com/resized/film-poster/3/5/3/0/7/35307-triangle-2009-0-250-0-375-crop.jpg?v=f7181c88
Angel Heart (1987),https://a.ltrbxd.com/resized/film-poster/5/1/4/8/9/51489-angel-heart-0-250-0-375-crop.jpg?v=730592ba
The Bride! (2026),https://a.ltrbxd.com/resized/film-poster/1/0/4/5/7/6/7/1045767-the-bride-2026-0-250-0-375-crop.jpg?v=abf10492
"The Boy, the Mole, the Fox and the Horse (2022)",https://a.ltrbxd.com/resized/film-poster/8/9/6/3/7/8/896378-the-boy-the-mole-the-fox-and-the-horse-0-250-0-375-crop.jpg?v=ff132f5d
The Man from U.N.C.L.E. (2015),https://a.ltrbxd.com/resized/film-poster/1/4/5/8/2/2/145822-the-man-from-uncle-0-250-0-375-crop.jpg?v=ab454d87
They Live (1988),https://a.ltrbxd.com/resized/film-poster/4/7/7/9/8/47798-they-live-0-250-0-375-crop.jpg?v=ec1ea59b
The Plague Dogs (1982),https://a.ltrbxd.com/resized/film-poster/3/2/3/0/9/32309-the-plague-dogs-0-250-0-375-crop.jpg?v=5fcc49bd
Time (2021),https://a.ltrbxd.com/resized/film-poster/7/5/4/7/6/8/754768-time-2021-2-0-250-0-375-crop.jpg?v=c7d1b07e
The Hitman's Bodyguard (2017),https://a.ltrbxd.com/resized/film-poster/3/2/4/5/7/5/324575-the-hitmans-bodyguard-0-250-0-375-crop.jpg?v=871479a5
Fast Forever (2028),https://a.ltrbxd.com/resized/film-poster/6/7/6/2/9/6/676296-fast-forever-0-250-0-375-crop.jpg?v=c9207c80
Tucker: The Man and His Dream (1988),https://a.ltrbxd.com/resized/film-poster/3/3/8/5/5/33855-tucker-the-man-and-his-dream-0-250-0-375-crop.jpg?v=2970ef50
Remember the Titans (2000),https://a.ltrbxd.com/resized/film-poster/4/6/0/3/7/46037-remember-the-titans-0-250-0-375-crop.jpg?v=c895170f
Straight Outta Compton (2015),https://a.ltrbxd.com/resized/film-poster/2/0/1/3/4/0/201340-straight-outta-compton-0-250-0-375-crop.jpg?v=20237cb2
Twilight of the Warriors: Walled In (2024),https://a.ltrbxd.com/resized/film-poster/8/2/9/2/8/2/829282-twilight-of-the-warriors-walled-in-0-250-0-375-crop.jpg?v=7eeda31b
Brazil (1985),https://a.ltrbxd.com/resized/film-poster/5/1/9/8/1/51981-brazil-0-250-0-375-crop.jpg?v=1cbcafb2
Exhibit A (2007),https://a.ltrbxd.com/resized/film-poster/1/6/2/5/7/16257-exhibit-a-0-250-0-375-crop.jpg?v=d6207a0d
Fear (1996),https://a.ltrbxd.com/resized/film-poster/4/6/1/2/9/46129-fear-1996-0-250-0-375-crop.jpg?v=ca3014e3
Sing Sing (2023),https://a.ltrbxd.com/resized/film-poster/1/0/4/1/9/5/7/1041957-sing-sing-2023-0-250-0-375-crop.jpg?v=1dcbde5e
My Left Foot: The Story of Christy Brown (1989),https://a.ltrbxd.com/resized/film-poster/4/6/4/8/8/46488-my-left-foot-the-story-of-christy-brown-0-250-0-375-crop.jpg?v=651443ba
Adaptation. (2002),https://a.ltrbxd.com/resized/film-poster/5/0/1/1/2/50112-adaptation-0-250-0-375-crop.jpg?v=a7e7821d
Rumble Fish (1983),https://a.ltrbxd.com/resized/film-poster/5/1/8/2/4/51824-rumble-fish-0-250-0-375-crop.jpg?v=ada74c2a
A Few Good Men (1992),https://a.ltrbxd.com/resized/film-poster/5/1/2/7/1/51271-a-few-good-men-0-250-0-375-crop.jpg?v=2be36848
The Void (2016),https://a.ltrbxd.com/resized/film-poster/3/1/3/3/1/0/313310-the-void-2016-0-250-0-375-crop.jpg?v=5df116a2
The Mean One (2022),https://a.ltrbxd.com/resized/film-poster/9/3/1/2/8/6/931286-the-mean-one-0-250-0-375-crop.jpg?v=bd762f37
Perfect Days (2023),https://a.ltrbxd.com/resized/film-poster/8/7/9/2/2/9/879229-perfect-days-2023-0-250-0-375-crop.jpg?v=239bbd61
How to Make Millions Before Grandma Dies (2024),https://a.ltrbxd.com/resized/film-poster/9/9/5/2/7/4/995274-how-to-make-millions-before-grandma-dies-0-250-0-375-crop.jpg?v=cadac6c9
Kids (1995),https://a.ltrbxd.com/resized/film-poster/4/7/2/5/0/47250-kids-0-250-0-375-crop.jpg?v=586b7a13
Seven Pounds (2008),https://a.ltrbxd.com/resized/film-poster/4/5/4/1/2/45412-seven-pounds-0-250-0-375-crop.jpg?v=b97e534e
Dìdi (弟弟) (2024),https://a.ltrbxd.com/resized/film-poster/1/0/4/5/1/1/5/1045115-didi-2024-0-250-0-375-crop.jpg?v=2f1e5e62
Under the Skin (2013),https://a.ltrbxd.com/resized/film-poster/8/0/1/9/8/80198-under-the-skin-2013-0-250-0-375-crop.jpg?v=592b2fee
Tinker Tailor Soldier Spy (2011),https://a.ltrbxd.com/resized/film-poster/1/6/0/9/5/16095-tinker-tailor-soldier-spy-0-250-0-375-crop.jpg?v=917286ff
Porco Rosso (1992),https://a.ltrbxd.com/resized/film-poster/4/5/1/3/0/45130-porco-rosso-0-250-0-375-crop.jpg?v=66a29b51
The Smile Man (2013),https://a.ltrbxd.com/resized/film-poster/1/4/9/7/2/2/149722-the-smile-man-0-250-0-375-crop.jpg?v=5dda348f
The Hunchback of Notre Dame (1996),https://a.ltrbxd.com/resized/film-poster/4/6/1/2/7/46127-the-hunchback-of-notre-dame-1996-0-250-0-375-crop.jpg?v=a0d0623b
The Order (2024),https://a.ltrbxd.com/resized/film-poster/9/7/5/3/9/3/975393-the-order-2024-0-250-0-375-crop.jpg?v=e1c39df0
Monster (2003),https://a.ltrbxd.com/resized/film-poster/5/1/6/0/6/51606-monster-0-250-0-375-crop.jpg?v=d0cb1abf
Find Me Guilty (2006),https://a.ltrbxd.com/resized/film-poster/4/6/6/8/7/46687-find-me-guilty-0-250-0-375-crop.jpg?v=e979b1a3
The Ghost Writer (2010),https://a.ltrbxd.com/resized/film-poster/4/5/3/0/3/45303-the-ghost-writer-0-250-0-375-crop.jpg?v=49f0d3a0
M (1931),https://a.ltrbxd.com/resized/film-poster/5/1/3/2/0/51320-m-0-250-0-375-crop.jpg?v=ae9b7dd1
The Brutalist (2024),https://a.ltrbxd.com/resized/film-poster/4/7/8/4/2/8/478428-the-brutalist-0-250-0-375-crop.jpg?v=deaf6908
Suicide Club (2001),https://a.ltrbxd.com/resized/film-poster/4/4/3/3/6/44336-suicide-club-0-250-0-375-crop.jpg?v=a3083f2f
Antiporno (2016),https://a.ltrbxd.com/resized/film-poster/3/4/8/7/7/2/348772-antiporno-0-250-0-375-crop.jpg?v=397d2208
Freaks (1932),https://a.ltrbxd.com/resized/film-poster/5/1/9/1/5/51915-freaks-0-250-0-375-crop.jpg?v=4cbb15ee
Red Riding: The Year of Our Lord 1980 (2009),https://a.ltrbxd.com/resized/film-poster/2/1/7/3/6/7/217367-red-riding-the-year-of-our-lord-1980-0-250-0-375-crop.jpg?v=2a19787d
Feels Good Man (2020),https://a.ltrbxd.com/resized/film-poster/5/7/9/0/1/1/579011-feels-good-man-0-250-0-375-crop.jpg?v=6f5793dd
Seven Psychopaths (2012),https://a.ltrbxd.com/resized/film-poster/7/3/3/5/8/73358-seven-psychopaths-0-250-0-375-crop.jpg?v=4b97a0a5
The Conversation (1974),https://a.ltrbxd.com/resized/film-poster/5/1/5/2/9/51529-the-conversation-0-250-0-375-crop.jpg?v=d5aa8984
La Grande Bouffe (1973),https://a.ltrbxd.com/resized/film-poster/4/6/5/4/6/46546-la-grande-bouffe-0-250-0-375-crop.jpg?v=2fad82d0
Che: Part Two (2008),https://a.ltrbxd.com/resized/film-poster/4/7/5/4/4/47544-che-part-two-0-250-0-375-crop.jpg?v=00e69d43
Che: Part One (2008),https://a.ltrbxd.com/resized/film-poster/4/7/5/4/3/47543-che-part-one-0-250-0-375-crop.jpg?v=073628b1
The Autopsy of Jane Doe (2016),https://a.ltrbxd.com/resized/film-poster/3/3/1/5/3/9/331539-the-autopsy-of-jane-doe-0-250-0-375-crop.jpg?v=b9ba899a
Interstella 5555: The 5tory of the 5ecret 5tar 5ystem (2003),https://a.ltrbxd.com/resized/film-poster/4/5/6/5/4/45654-interstella-5555-the-5tory-of-the-5ecret-5tar-5ystem-0-250-0-375-crop.jpg?v=0857bb4d
Finch (2021),https://a.ltrbxd.com/resized/film-poster/4/5/1/9/0/2/451902-finch-0-250-0-375-crop.jpg?v=d8e6b8b9
The Vanishing (1988),https://a.ltrbxd.com/resized/film-poster/4/7/6/2/8/47628-the-vanishing-0-250-0-375-crop.jpg?v=5c9968d7
Point Break (1991),https://a.ltrbxd.com/resized/film-poster/5/1/1/5/7/51157-point-break-0-250-0-375-crop.jpg?v=80b31f54
Heavy Metal (1981),https://a.ltrbxd.com/resized/film-poster/4/4/9/7/3/44973-heavy-metal-0-250-0-375-crop.jpg?v=c3b6b953
Lion (2016),https://a.ltrbxd.com/resized/film-poster/2/6/3/2/2/2/263222-lion-0-250-0-375-crop.jpg?v=40cc094c
Vampire Hunter D: Bloodlust (2000),https://a.ltrbxd.com/resized/film-poster/4/1/9/2/0/41920-vampire-hunter-d-bloodlust-0-250-0-375-crop.jpg?v=790d43f6
Holy Motors (2012),https://a.ltrbxd.com/resized/film-poster/8/3/8/6/3/83863-holy-motors-0-250-0-375-crop.jpg?v=31a120b1
Watership Down (1978),https://a.ltrbxd.com/resized/film-poster/4/4/9/6/4/44964-watership-down-0-250-0-375-crop.jpg?v=183ff1e5
Richard Jewell (2019),https://a.ltrbxd.com/resized/film-poster/2/1/8/2/5/4/218254-richard-jewell-0-250-0-375-crop.jpg?v=404e7b5f
Blind Chance (1987),https://a.ltrbxd.com/resized/film-poster/5/1/9/2/3/51923-blind-chance-0-250-0-375-crop.jpg?v=7d7e3d6f
Trick 'r Treat (2007),https://a.ltrbxd.com/resized/film-poster/3/7/4/8/3/37483-trick-r-treat-0-250-0-375-crop.jpg?v=4c2f5689
Onibaba (1964),https://a.ltrbxd.com/resized/film-poster/4/9/6/0/1/49601-onibaba-0-250-0-375-crop.jpg?v=0c117b57
Nosferatu (2024),https://a.ltrbxd.com/resized/film-poster/3/5/9/5/0/5/359505-nosferatu-2024-0-250-0-375-crop.jpg?v=10fb07af
Afro Samurai (2007),https://a.ltrbxd.com/resized/film-poster/3/8/8/7/3887-afro-samurai-0-250-0-375-crop.jpg?v=a492122e
TRIGUN (1998),https://a.ltrbxd.com/resized/film-poster/6/0/8/5/2/1/608521-trigun-0-250-0-375-crop.jpg?v=a325df82
Killer Klowns from Outer Space (1988),https://a.ltrbxd.com/resized/film-poster/4/1/6/7/2/41672-killer-klowns-from-outer-space-0-250-0-375-crop.jpg?v=f56b7009
Army of Darkness (1992),https://a.ltrbxd.com/resized/film-poster/5/1/3/8/6/51386-army-of-darkness-0-250-0-375-crop.jpg?v=cfd14949
Blue Ruin (2013),https://a.ltrbxd.com/resized/film-poster/1/3/5/7/4/7/135747-blue-ruin-0-250-0-375-crop.jpg?v=fac5a1b1
Possession (1981),https://a.ltrbxd.com/resized/film-poster/3/8/3/7/4/38374-possession-0-250-0-375-crop.jpg?v=878e2bea
31 (2016),https://a.ltrbxd.com/resized/film-poster/2/0/9/8/7/0/209870-31-2016-0-250-0-375-crop.jpg?v=1cfe5bf4
Bad Boy Bubby (1993),https://a.ltrbxd.com/resized/film-poster/4/3/3/2/2/43322-bad-boy-bubby-0-250-0-375-crop.jpg?v=e16a8fad
Memoir of a Snail (2024),https://a.ltrbxd.com/resized/film-poster/9/5/9/8/2/9/959829-memoir-of-a-snail-0-250-0-375-crop.jpg?v=70b4128f
Akira (1988),https://a.ltrbxd.com/resized/film-poster/5/1/9/0/2/51902-akira-0-250-0-375-crop.jpg?v=b7dbc06d
Le Trou (1960),https://a.ltrbxd.com/resized/film-poster/3/3/0/1/2/33012-le-trou-0-250-0-375-crop.jpg?v=f9fd25bb
Cholera Street (1997),https://a.ltrbxd.com/resized/film-poster/2/9/1/0/9/29109-cholera-street-0-250-0-375-crop.jpg?v=fcdda31e
Lords of Chaos (2018),https://a.ltrbxd.com/resized/film-poster/3/5/9/5/5/9/359559-lords-of-chaos-0-250-0-375-crop.jpg?v=c5e8b74f
The Perks of Being a Wallflower (2012),https://a.ltrbxd.com/resized/film-poster/7/1/3/3/8/71338-the-perks-of-being-a-wallflower-0-250-0-375-crop.jpg?v=d2c4c804
No Dogs or Italians Allowed (2022),https://a.ltrbxd.com/resized/film-poster/6/3/8/3/2/4/638324-no-dogs-or-italians-allowed-0-250-0-375-crop.jpg?v=0295a5dd
Fences (2016),https://a.ltrbxd.com/resized/film-poster/3/2/7/9/3/4/327934-fences-2016-0-250-0-375-crop.jpg?v=2490a4b0
Honey Boy (2019),https://a.ltrbxd.com/resized/film-poster/4/4/1/8/7/0/441870-honey-boy-0-250-0-375-crop.jpg?v=fa1dd945
Dark Waters (2019),https://a.ltrbxd.com/resized/film-poster/4/8/0/8/7/5/480875-dark-waters-2019-0-250-0-375-crop.jpg?v=726baeed
Molly's Game (2017),https://a.ltrbxd.com/resized/film-poster/3/3/0/7/1/5/330715-mollys-game-0-250-0-375-crop.jpg?v=373d6d4a
Logan Lucky (2017),https://a.ltrbxd.com/resized/film-poster/3/3/3/4/4/5/333445-logan-lucky-0-250-0-375-crop.jpg?v=0c206015
Playground (2016),https://a.ltrbxd.com/resized/film-poster/3/4/7/8/2/4/347824-playground-2016-0-250-0-375-crop.jpg?v=0bb42b4d
A Bittersweet Life (2005),https://a.ltrbxd.com/resized/film-poster/4/5/3/9/0/45390-a-bittersweet-life-0-250-0-375-crop.jpg?v=8a52c196
The Roundup 5,https://a.ltrbxd.com/resized/film-poster/1/1/3/3/7/5/2/1133752-the-roundup-5-0-250-0-375-crop.jpg?v=2d32d000
Ms .45 (1981),https://a.ltrbxd.com/resized/film-poster/3/8/0/3/5/38035-ms-45-0-250-0-375-crop.jpg?v=71cd86d0
Going in Style (2017),https://a.ltrbxd.com/resized/film-poster/2/8/3/2/0/9/283209-going-in-style-2017-0-250-0-375-crop.jpg?v=d2b922bf
Pawn Sacrifice (2014),https://a.ltrbxd.com/resized/film-poster/1/7/1/9/6/1/171961-pawn-sacrifice-0-250-0-375-crop.jpg?v=29192c6d
The Substance (2024),https://a.ltrbxd.com/resized/film-poster/8/3/8/1/4/0/838140-the-substance-0-250-0-375-crop.jpg?v=f269611b
The House (2022),https://a.ltrbxd.com/resized/film-poster/8/3/2/4/4/4/832444-the-house-2022-1-0-250-0-375-crop.jpg?v=0ee30b91
Presumed Innocent (1990),https://a.ltrbxd.com/resized/film-poster/4/5/6/1/3/45613-presumed-innocent-0-250-0-375-crop.jpg?v=43c8849a
Paranoia Agent (2004),https://a.ltrbxd.com/resized/film-poster/5/2/0/3/0/4/520304-paranoia-agent-0-250-0-375-crop.jpg?v=7440c9b9
Love (2015),https://a.ltrbxd.com/resized/film-poster/2/1/8/8/9/5/218895-love-2015-0-250-0-375-crop.jpg?v=719962f0
Shōgun (2024),https://a.ltrbxd.com/resized/film-poster/1/1/2/4/8/7/2/1124872-shogun-2024-0-250-0-375-crop.jpg?v=8d5deb1a
Watchmen (2019),https://a.ltrbxd.com/resized/film-poster/5/8/0/0/9/2/580092-watchmen-2019-0-250-0-375-crop.jpg?v=0a9144be
Batman: Assault on Arkham (2014),https://a.ltrbxd.com/resized/film-poster/1/6/9/9/5/3/169953-batman-assault-on-arkham-0-250-0-375-crop.jpg?v=1372cf29
Injustice (2021),https://a.ltrbxd.com/resized/film-poster/7/4/7/2/0/5/747205-injustice-2021-0-250-0-375-crop.jpg?v=6134929c
The Wild Robot (2024),https://a.ltrbxd.com/resized/film-poster/1/0/7/1/1/9/6/1071196-the-wild-robot-0-250-0-375-crop.jpg?v=61460a60
Turtles Forever (2009),https://a.ltrbxd.com/resized/film-poster/2/9/4/2/5/29425-turtles-forever-0-250-0-375-crop.jpg?v=88fe519e
The Prince of Egypt (1998),https://a.ltrbxd.com/resized/film-poster/4/6/7/7/8/46778-the-prince-of-egypt-0-250-0-375-crop.jpg?v=c14bab63
Megalopolis (2024),https://a.ltrbxd.com/resized/film-poster/5/2/0/3/2/8/520328-megalopolis-2024-0-250-0-375-crop.jpg?v=6db7fb28
Manchester by the Sea (2016),https://a.ltrbxd.com/resized/film-poster/2/6/3/2/2/1/263221-manchester-by-the-sea-0-250-0-375-crop.jpg?v=0230f8bb
The Promised Land (2023),https://a.ltrbxd.com/resized/film-poster/8/8/2/3/0/7/882307-the-promised-land-2023-0-250-0-375-crop.jpg?v=01fc41cd
All Quiet on the Western Front (2022),https://a.ltrbxd.com/resized/film-poster/1/6/5/3/0/16530-all-quiet-on-the-western-front-2022-0-250-0-375-crop.jpg?v=5959d9ff
Control (2004),https://a.ltrbxd.com/resized/film-poster/4/6/9/6/5/46965-control-0-250-0-375-crop.jpg?v=76d08d89
Thief (1981),https://a.ltrbxd.com/resized/film-poster/4/5/2/2/4/45224-thief-0-250-0-375-crop.jpg?v=2ad7b70a
Sexy Beast (2000),https://a.ltrbxd.com/resized/film-poster/4/4/9/7/4/44974-sexy-beast-0-250-0-375-crop.jpg?v=290685ea
Peeping Tom (1960),https://a.ltrbxd.com/resized/film-poster/4/5/5/4/1/45541-peeping-tom-0-250-0-375-crop.jpg?v=c7878a51
Mank (2020),https://a.ltrbxd.com/resized/film-poster/5/4/1/4/2/5/541425-mank-0-250-0-375-crop.jpg?v=7645e026
The Blues Brothers (1980),https://a.ltrbxd.com/resized/film-poster/5/1/5/9/2/51592-the-blues-brothers-0-250-0-375-crop.jpg?v=08d03cde
The Wrestler (2008),https://a.ltrbxd.com/resized/film-poster/4/4/7/4/0/44740-the-wrestler-0-250-0-375-crop.jpg?v=d540336d
A Trip to the Moon (1902),https://a.ltrbxd.com/resized/film-poster/5/1/3/7/7/51377-a-trip-to-the-moon-0-250-0-375-crop.jpg?v=2c8a151b
The Iron Giant (1999),https://a.ltrbxd.com/resized/film-poster/4/6/2/8/0/46280-the-iron-giant-0-250-0-375-crop.jpg?v=ccb994b1
The Midnight Meat Train (2008),https://a.ltrbxd.com/resized/film-poster/4/6/4/6/6/46466-the-midnight-meat-train-0-250-0-375-crop.jpg?v=6500fec4
August Underground (2001),https://a.ltrbxd.com/resized/film-poster/3/6/4/7/5/36475-august-underground-0-250-0-375-crop.jpg?v=a9a76932
The Magician (1958),https://a.ltrbxd.com/resized/film-poster/3/2/8/4/9/32849-the-magician-1958-0-250-0-375-crop.jpg?v=5260e422
Dog Day Afternoon (1975),https://a.ltrbxd.com/resized/film-poster/5/1/1/9/5/51195-dog-day-afternoon-0-250-0-375-crop.jpg?v=3943e321
47 Ronin (2013),https://a.ltrbxd.com/resized/film-poster/2/8/1/281-47-ronin-2013-0-250-0-375-crop.jpg?v=efb7a21c
Ali's Eight Days (2009),https://a.ltrbxd.com/resized/film-poster/1/3/6/8/4/13684-alis-eight-days-0-250-0-375-crop.jpg?v=36d07e2e
In a Violent Nature (2024),https://a.ltrbxd.com/resized/film-poster/1/0/9/8/3/2/2/1098322-in-a-violent-nature-0-250-0-375-crop.jpg?v=c3e0a81a
Thirst (2009),https://a.ltrbxd.com/resized/film-poster/3/7/8/3/5/37835-thirst-2009-0-250-0-375-crop.jpg?v=84fa3edf
The Green Knight (2021),https://a.ltrbxd.com/resized/film-poster/4/8/8/3/9/9/488399-the-green-knight-0-250-0-375-crop.jpg?v=493d8417
Magnolia (1999),https://a.ltrbxd.com/resized/film-poster/5/1/7/2/8/51728-magnolia-0-250-0-375-crop.jpg?v=26f1483a
The Lighthouse (2019),https://a.ltrbxd.com/resized/film-poster/4/3/3/8/6/3/433863-the-lighthouse-2019-0-250-0-375-crop.jpg?v=ff9662ed
Robot Dreams (2023),https://a.ltrbxd.com/resized/film-poster/7/5/3/4/2/0/753420-robot-dreams-0-250-0-375-crop.jpg?v=4c126e74
It's Such a Beautiful Day (2012),https://a.ltrbxd.com/resized/film-poster/4/2/0/1/3/7/420137-its-such-a-beautiful-day-0-250-0-375-crop.jpg?v=cb00cb76
"Extremely Wicked, Shockingly Evil and Vile (2019)",https://a.ltrbxd.com/resized/film-poster/3/8/9/6/3/7/389637-extremely-wicked-shockingly-evil-and-vile-0-250-0-375-crop.jpg?v=ce361ae8
One Life (2023),https://a.ltrbxd.com/resized/film-poster/6/8/1/2/6/6/681266-one-life-2023-0-250-0-375-crop.jpg?v=f8775d68
Gone Baby Gone (2007),https://a.ltrbxd.com/resized/film-poster/4/9/1/4/8/49148-gone-baby-gone-0-250-0-375-crop.jpg?v=e5a1f410
The Stendhal Syndrome (1996),https://a.ltrbxd.com/resized/film-poster/2/5/2/5/1/25251-the-stendhal-syndrome-0-250-0-375-crop.jpg?v=a6a7dcc7
The Way Back (2020),https://a.ltrbxd.com/resized/film-poster/4/5/8/7/4/3/458743-the-way-back-2020-0-250-0-375-crop.jpg?v=2d0daf1e
Buffalo '66 (1998),https://a.ltrbxd.com/resized/film-poster/4/7/1/3/3/47133-buffalo-66-0-250-0-375-crop.jpg?v=066f0bc4
Shame (2011),https://a.ltrbxd.com/resized/film-poster/6/2/4/8/3/62483-shame-2011-0-250-0-375-crop.jpg?v=c8ceac03
At Eternity's Gate (2018),https://a.ltrbxd.com/resized/film-poster/4/2/2/0/9/6/422096-at-eternitys-gate-0-250-0-375-crop.jpg?v=0b96d35b
A Girl Walks Home Alone at Night (2014),https://a.ltrbxd.com/resized/film-poster/1/7/6/0/5/3/176053-a-girl-walks-home-alone-at-night-0-250-0-375-crop.jpg?v=2e1f1990
50/50 (2011),https://a.ltrbxd.com/resized/film-poster/2/4/1/7/7/24177-50-50-0-250-0-375-crop.jpg?v=a3ba56d4
Malcolm X (1992),https://a.ltrbxd.com/resized/film-poster/5/0/7/2/0/50720-malcolm-x-1992-0-250-0-375-crop.jpg?v=ccacf464
Babel (2006),https://a.ltrbxd.com/resized/film-poster/5/1/1/4/0/51140-babel-2006-0-250-0-375-crop.jpg?v=b119d0df
The Card Counter (2021),https://a.ltrbxd.com/resized/film-poster/5/6/9/5/6/3/569563-the-card-counter-0-250-0-375-crop.jpg?v=5fc91391
Naked (1993),https://a.ltrbxd.com/resized/film-poster/3/8/3/9/7/38397-naked-0-250-0-375-crop.jpg?v=5a7b311a
As Good as It Gets (1997),https://a.ltrbxd.com/resized/film-poster/5/0/0/2/5/50025-as-good-as-it-gets-0-250-0-375-crop.jpg?v=405ac861
Moonlight (2016),https://a.ltrbxd.com/resized/film-poster/3/1/2/2/0/5/312205-moonlight-2016-0-250-0-375-crop.jpg?v=c6907c8d
Napoleon (1927),https://a.ltrbxd.com/resized/film-poster/2/2/5/4/7/22547-napoleon-0-250-0-375-crop.jpg?v=2e8b3283
Isle of Dogs (2018),https://a.ltrbxd.com/resized/film-poster/3/3/3/4/4/8/333448-isle-of-dogs-2018-0-250-0-375-crop.jpg?v=c583bd72
Past Lives (2023),https://a.ltrbxd.com/resized/film-poster/5/9/1/0/5/3/591053-past-lives-0-250-0-375-crop.jpg?v=639a95e0
Anatomy of a Fall (2023),https://a.ltrbxd.com/resized/film-poster/8/2/2/0/9/3/822093-anatomy-of-a-fall-0-250-0-375-crop.jpg?v=25843b8f
The Virgin Suicides (1999),https://a.ltrbxd.com/resized/film-poster/5/1/0/2/4/51024-the-virgin-suicides-0-250-0-375-crop.jpg?v=dec051fa
Sleuth (1972),https://a.ltrbxd.com/resized/film-poster/5/1/1/7/6/51176-sleuth-0-250-0-375-crop.jpg?v=a506fef5
The Basketball Diaries (1995),https://a.ltrbxd.com/resized/film-poster/4/6/1/9/5/46195-the-basketball-diaries-0-250-0-375-crop.jpg?v=6c5c401a
The Gambler (2014),https://a.ltrbxd.com/resized/film-poster/2/0/9/8/4/7/209847-the-gambler-2014-0-250-0-375-crop.jpg?v=46253f00
Stopmotion (2023),https://a.ltrbxd.com/resized/film-poster/7/5/5/7/1/9/755719-stopmotion-0-250-0-375-crop.jpg?v=071c14c6
Downfall (2004),https://a.ltrbxd.com/resized/film-poster/5/1/5/1/0/51510-downfall-0-250-0-375-crop.jpg?v=03414ef4
The Battle of Algiers (1966),https://a.ltrbxd.com/resized/film-poster/4/1/0/8/1/41081-the-battle-of-algiers-0-250-0-375-crop.jpg?v=08dcf52c
Buba (2022),https://a.ltrbxd.com/resized/film-poster/8/9/8/8/7/4/898874-buba-2022-0-250-0-375-crop.jpg?v=afdc292b
The Power of the Dog (2021),https://a.ltrbxd.com/resized/film-poster/5/2/7/8/4/1/527841-the-power-of-the-dog-0-250-0-375-crop.jpg?v=f3a70af8
Enemy (2013),https://a.ltrbxd.com/resized/film-poster/1/3/2/0/3/4/132034-enemy-0-250-0-375-crop.jpg?v=7924b317
Dead Man (1995),https://a.ltrbxd.com/resized/film-poster/5/1/2/3/1/51231-dead-man-0-250-0-375-crop.jpg?v=492154c6
Brigsby Bear (2017),https://a.ltrbxd.com/resized/film-poster/3/3/8/0/1/7/338017-brigsby-bear-0-250-0-375-crop.jpg?v=398633e2
Cruising (1980),https://a.ltrbxd.com/resized/film-poster/3/4/0/5/0/34050-cruising-0-250-0-375-crop.jpg?v=c6b0f661
"The Cook, the Thief, His Wife & Her Lover (1989)",https://a.ltrbxd.com/resized/film-poster/4/8/0/2/4/48024-the-cook-the-thief-his-wife-her-lover-0-250-0-375-crop.jpg?v=05df861e
Primal Fear (1996),https://a.ltrbxd.com/resized/film-poster/5/0/9/4/2/50942-primal-fear-0-250-0-375-crop.jpg?v=43fc40c2
Stuart: A Life Backwards (2007),https://a.ltrbxd.com/resized/film-poster/1/5/6/0/4/15604-stuart-a-life-backwards-0-250-0-375-crop.jpg?v=32b1316d
The Untouchables (1987),https://a.ltrbxd.com/resized/film-poster/5/1/9/3/3/51933-the-untouchables-0-250-0-375-crop.jpg?v=c6fce666
Love Exposure (2008),https://a.ltrbxd.com/resized/film-poster/3/3/6/8/6/33686-love-exposure-0-250-0-375-crop.jpg?v=7f39f3bb
Zoo (2007),https://a.ltrbxd.com/resized/film-poster/4/0/0/1/3/40013-zoo-0-250-0-375-crop.jpg?v=eaa609ce
Ex Drummer (2007),https://a.ltrbxd.com/resized/film-poster/4/3/4/0/5/43405-ex-drummer-0-250-0-375-crop.jpg?v=f0218a78
Nymphomaniac: Vol. I (2013),https://a.ltrbxd.com/resized/film-poster/1/8/1/9/3/7/181937-nymphomaniac-volume-i-0-250-0-375-crop.jpg?v=f0440e90
"Salò, or the 120 Days of Sodom (1975)",https://a.ltrbxd.com/resized/film-poster/4/8/8/6/5/48865-salo-or-the-120-days-of-sodom-0-250-0-375-crop.jpg?v=ff0a4c0d
A Ghost Story (2017),https://a.ltrbxd.com/resized/film-poster/3/6/1/7/2/5/361725-a-ghost-story-2017-0-250-0-375-crop.jpg?v=52c39dd3
Enter the Void (2009),https://a.ltrbxd.com/resized/film-poster/2/9/0/4/1/29041-enter-the-void-0-250-0-375-crop.jpg?v=358c78b5
Stop Making Sense (1984),https://a.ltrbxd.com/resized/film-poster/3/7/0/0/4/37004-stop-making-sense-0-250-0-375-crop.jpg?v=6dd761aa
And Then There Were None (1945),https://a.ltrbxd.com/resized/film-poster/4/9/0/9/8/49098-and-then-there-were-none-0-250-0-375-crop.jpg?v=dbb46ec7
Junk Head (2017),https://a.ltrbxd.com/resized/film-poster/3/9/6/4/0/2/396402-junk-head-0-250-0-375-crop.jpg?v=fdcb63df
Glass (2019),https://a.ltrbxd.com/resized/film-poster/3/8/2/6/6/9/382669-glass-2019-0-250-0-375-crop.jpg?v=2ef3eaa2
Murder by Death (1976),https://a.ltrbxd.com/resized/film-poster/4/8/4/8/6/48486-murder-by-death-0-250-0-375-crop.jpg?v=5a99e27b
Ichi the Killer (2001),https://a.ltrbxd.com/resized/film-poster/4/6/9/0/8/46908-ichi-the-killer-0-250-0-375-crop.jpg?v=72563c9d
Only God Forgives (2013),https://a.ltrbxd.com/resized/film-poster/6/4/4/2/7/64427-only-god-forgives-0-250-0-375-crop.jpg?v=b3f2de0e
The Whale (2022),https://a.ltrbxd.com/resized/film-poster/7/0/3/4/7/8/703478-the-whale-2022-0-250-0-375-crop.jpg?v=dda9329b
Babylon (2022),https://a.ltrbxd.com/resized/film-poster/5/4/2/7/7/3/542773-babylon-2022-0-250-0-375-crop.jpg?v=718d5b87
"I, Tonya (2017)",https://a.ltrbxd.com/resized/film-poster/3/2/3/6/0/9/323609-i-tonya-0-250-0-375-crop.jpg?v=245a3cf5
The Thing (1982),https://a.ltrbxd.com/resized/film-poster/5/1/1/5/5/51155-the-thing-0-250-0-375-crop.jpg?v=1fc59a75
The Revenant (2015),https://a.ltrbxd.com/resized/film-poster/2/0/7/2/2/4/207224-the-revenant-2015-0-250-0-375-crop.jpg?v=45a98f8d
Brokeback Mountain (2005),https://a.ltrbxd.com/resized/film-poster/5/1/9/0/9/51909-brokeback-mountain-0-250-0-375-crop.jpg?v=2116100e
Apocalypse Now (1979),https://a.ltrbxd.com/resized/film-poster/2/6/9/0/2690-apocalypse-now-0-250-0-375-crop.jpg?v=1834ffa6
The Hateful Eight (2015),https://a.ltrbxd.com/resized/film-poster/1/9/7/0/1/2/197012-the-hateful-eight-0-250-0-375-crop.jpg?v=481d6f22
Amadeus (1984),https://a.ltrbxd.com/resized/film-poster/5/1/7/7/7/51777-amadeus-0-250-0-375-crop.jpg?v=624d493f
The Father (2020),https://a.ltrbxd.com/resized/film-poster/5/2/7/6/7/1/527671-the-father-2020-0-250-0-375-crop.jpg?v=244be13b
Dallas Buyers Club (2013),https://a.ltrbxd.com/resized/film-poster/1/1/4/6/0/5/114605-dallas-buyers-club-0-250-0-375-crop.jpg?v=ae9d517e
Napoleon (2023),https://a.ltrbxd.com/resized/film-poster/6/7/4/1/3/7/674137-napoleon-2023-0-250-0-375-crop.jpg?v=218d7828
"The Good, the Bad and the Ugly (1966)",https://a.ltrbxd.com/resized/film-poster/5/1/6/6/6/51666-the-good-the-bad-and-the-ugly-0-250-0-375-crop.jpg?v=d4559988
12 Years a Slave (2013),https://a.ltrbxd.com/resized/film-poster/6/2/6/7/1/62671-12-years-a-slave-0-250-0-375-crop.jpg?v=f0325773
Zombieland (2009),https://a.ltrbxd.com/resized/film-poster/3/9/3/5/2/39352-zombieland-0-250-0-375-crop.jpg?v=442b58cb
Beau Is Afraid (2023),https://a.ltrbxd.com/resized/film-poster/7/1/5/8/5/6/715856-beau-is-afraid-0-250-0-375-crop.jpg?v=e0608095
School of Rock (2003),https://a.ltrbxd.com/resized/film-poster/5/0/9/5/0/50950-school-of-rock-0-250-0-375-crop.jpg?v=ba448a9d
Top Gun (1986),https://a.ltrbxd.com/resized/film-poster/5/1/4/0/8/51408-top-gun-0-250-0-375-crop.jpg?v=6ab46f10
Barry Lyndon (1975),https://a.ltrbxd.com/resized/film-poster/4/9/8/1/1/49811-barry-lyndon-0-250-0-375-crop.jpg?v=a4b65c5e
Airplane! (1980),https://a.ltrbxd.com/resized/film-poster/5/1/3/3/9/51339-airplane-0-250-0-375-crop.jpg?v=458f1256
Maestro (2023),https://a.ltrbxd.com/resized/film-poster/4/5/3/0/6/9/453069-maestro-2023-0-250-0-375-crop.jpg?v=b5949ec6
I Care a Lot (2020),https://a.ltrbxd.com/resized/film-poster/5/2/9/2/0/3/529203-i-care-a-lot-0-250-0-375-crop.jpg?v=91d5c7ea
Hamilton (2020),https://a.ltrbxd.com/resized/film-poster/4/8/5/3/0/9/485309-hamilton-2020-0-250-0-375-crop.jpg?v=d1e09d35
Fury (2014),https://a.ltrbxd.com/resized/film-poster/1/6/0/4/9/7/160497-fury-2014-0-250-0-375-crop.jpg?v=b6a5bc7a
Sin City (2005),https://a.ltrbxd.com/resized/film-poster/5/1/8/6/5/51865-sin-city-0-250-0-375-crop.jpg?v=8b1b8b9f
Vice (2018),https://a.ltrbxd.com/resized/film-poster/3/6/2/3/6/5/362365-vice-2018-0-250-0-375-crop.jpg?v=8c527b15
The Elephant Man (1980),https://a.ltrbxd.com/resized/film-poster/5/0/6/5/3/50653-the-elephant-man-0-250-0-375-crop.jpg?v=a74cf846
Zombieland: Double Tap (2019),https://a.ltrbxd.com/resized/film-poster/2/6/8/3/8/0/268380-zombieland-double-tap-0-250-0-375-crop.jpg?v=6e30f5bc
Loving Vincent (2017),https://a.ltrbxd.com/resized/film-poster/2/6/9/3/5/8/269358-loving-vincent-0-250-0-375-crop.jpg?v=8022a835
Dr. Strangelove or: How I Learned to Stop Worrying and Love the Bomb (1964),https://a.ltrbxd.com/resized/film-poster/5/1/2/1/8/51218-dr-strangelove-or-how-i-learned-to-stop-worrying-and-love-the-bomb-0-250-0-375-crop.jpg?v=525138c3
The Breakfast Club (1985),https://a.ltrbxd.com/resized/film-poster/5/0/5/1/8/50518-the-breakfast-club-0-250-0-375-crop.jpg?v=a4834d18
Funny Games (2007),https://a.ltrbxd.com/resized/film-poster/4/7/7/1/0/47710-funny-games-2007-0-250-0-375-crop.jpg?v=3951ea2d
Cannibal Holocaust (1980),https://a.ltrbxd.com/resized/film-poster/4/7/6/4/6/47646-cannibal-holocaust-0-250-0-375-crop.jpg?v=4da7445a
